clin,unspc_code,manufacturer_part_number,manufacturer,sku,name,description,unit_of_measure,quantity_in_uom,list_price,contract_unit_price,contract_discount,long_category,simple_category,top_level_category
1011b,,,DELL,210-AFXK,OptiPlex 3040 Small Form Factor XCTO,"4GB 1DIMM 1600MHz DDR3L, Windows 7 Pro (32/64 bit),
integrated Intel HD Graphics, DVD+/- RW, 500GB SATA
7200rpm, USB Optical Wheel Mouse, USB Keyboard, 3-Year
Next Business Day On-Site Warranty",EACH,1,"$1,013.71",$446.03,56%,Standard Desktop Hardware,Standard,Desktops
102d,,,DELL,210-AFXL,Dell Optiplex 3040 MT,"Core i5-6500, 3.20GHz,
4GB 1DIMM 1600MHz DDR3L, Windows 7 Pro (32/64 bit),
integrated Intel HD Graphics 530, DVD+/- RW, 500GB SATA
7200rpm, USB Optical Wheel Mouse, USB Keyboard, 3-Year
Next Business Day On-Site Warranty",EACH,1,"$1,013.71",$446.03,56%,Standard Desktop Hardware,Standard,Desktops
106a,,,DELL,210-AFXJ,Dell Optiplex 3040 Micro,"Core i5-6500T, 2.5GHz,
4GB 1DIMM 1600MHz DDR3L, Windows 7 Pro (32/64 bit),
integrated Intel HD Graphics 530, 500GB SATA 7200rpm,
USB Optical Wheel Mouse, USB Keyboard, 3-Year Next
Business Day On-Site Warranty",EACH,1,$930.43,$409.39,56%,Standard Desktop Hardware,Standard,Desktops
200c,,,DELL,210-AFIF,Dell Optiplex 5040 SFF,"Core i7-6700, 3.4GHz, 8GB 2
DIMMs 1600Mhz DDR3L, Windows 7 Pro (64-bit), integrated
Intel HD Graphics, DVD +/- RW, 500GB SATA II 7200RPM,
USB Optical Wheel Mouse, USB Keyboard, 90% Efficient
Power Supply, 3-Year Next Business Day On-Site Warranty",EACH,1,"$1,295.86",$570.18,56%,Power Desktop Hardware,Standard,Desktops
202c,,,DELL,210-AFID,Dell Optiplex 5040 MT,"Core i7-6700, 3.4GHz, 8GB 2
DIMMs 1600Mhz DDR3L, Windows 7 Pro (64-bit), integrated
Intel HD Graphics, DVD +/- RW, 500GB SATA II 7200RPM,
USB Optical Wheel Mouse, USB Keyboard, 90% Efficient
Power Supply, 3-Year Next Business Day On-Site Warranty",EACH,1,"$1,315.86",$578.98,56%,Standard Desktop Hardware,Standard,Desktops
,,,DELL,210-ACQM,Dell Precision T5810,"Four Core E5-1607 v3
(4C, 3.1GHz, 10M, 140W), 16GB DDR4 RDIMM 2133MHz,
Windows 7 Po, SP1, 64-bit, NVIDIA® Quadro® K620 2GB (DP,
DL-DVI-I) (1 DP to SL-DVI adapter), 16X DVD+/-RW Drive,
900GB 2.5"" SAS (10,000 RPM), USB Optical Wheel Mouse,
USB Keyboard, 3- Year Next Business Day On-Site Warranty",EACH,1,"$2,803.33","$1,233.47",56%,Workstation Hardware,Workstation,Desktops
400a,,,DELL,909686-51L,Dell Wyse Z90D7,"Dual Core 1.65GHz, 2GB
1600MHz DDR3, Windows Embedded Std 7, USB Keyboard,
PS/2 Optical Mouse, 3-Year Limited Hardware Warranty on-site",EACH,1,$679.00,$298.76,56%,Thin Client Hardware,Thin Client,Desktops
430a,,,DELL,210-AFGK,Dell Optiplex 7040 SFF,"Core i7-6700, 3.4GHz, 8GB 2
DIMMs 1600Mhz DDR4, Windows 7 Pro (64-bit), integrated
Intel HD Graphics, DVD +/- RW, 500GB SATA II 7200RPM,
USB Optical Wheel Mouse, USB Keyboard, 90% Efficient
Power Supply, 3-Year Next Business Day On-Site Warranty",EACH,1,"$1,354.43",$595.95,56%,Power Desktop Hardware,Standard,Desktops
,,,DELL,370-ACLY,Dell 8GB DDR3L Memory,"8GB (1x8GB), 1600MHz DDR3L Memory",EACH,1,$130.00,$88.40,32%,Upgrades,Memory,Components
1003c,,,DELL,490-BCYL,AMD Radeon R5 340X,2GB DP/DVI-I,EACH,1,$110.00,$74.80,32%,"Standard Desktop Options
Upgrades",Video Cards,Components
1005b,,,DELL,400-AIOY,"Dell 1TB 3.5"" HDD",3.5 1TB 7200rpm HDD,EACH,1,$130.00,$88.40,32%,"Standard Desktop Options
Upgrades",Storage Devices,Components
1006b,,,DELL,"470-ABLQ, 555-
BCMT",Intel® Dual Band Wireless 8260,(802.11ac) + Bluetooth,EACH,1,$53.00,$36.04,32%,"Standard Desktop Options
Upgrades",Networking,Components
1007b,,,DELL,429-AAVN,Dell 8x DVD-ROM,8x DVD-ROM 9.5mm Optical Disk Drive,EACH,1,$40.00,$27.20,32%,"Standard Desktop Options
Upgrades",Storage Devices,Components
1008a,,,DELL,A4051228,Dell Comfort Wave Keyboard,Comfort wave Ergonomic keyboard,EACH,1,$79.99,$54.39,32%,"Standard Desktop Options
Upgrades",Keyboards & Mice,Peripherals
1009b,,,DELL,A7055994,Dell Performance Ergonomic Mouse,Performance Ergonomic mouse mx,EACH,1,$99.99,$67.99,32%,"Standard Desktop Options
Upgrades",Keyboards & Mice,Peripherals
,,,DELL,A6024088,Dell Wireless Mouse,Wireless mouse M525,EACH,1,$39.99,$27.19,32%,Upgrades,Keyboards & Mice,Peripherals
1012b,,,DELL,A5950984,Jabra UC Voice 150,UC Voice 150 USB Duo. Headband INL,EACH,1,$33.99,$23.11,32%,"Standard Desktop Options
Upgrades",Headsets Microphones & Speakers,Peripherals
1013a,,,DELL,313-7362,Dell AX210 Stereo Speakers,"AX210 USB Stereo Speakers WW, I/S/X DT C",EACH,1,$19.99,$13.59,32%,"Standard Desktop Options
Upgrades",Headsets Microphones & Speakers,Peripherals
1014c,,,DELL,A3881047,Logitech Stereo Headset,H110 2 Stereo Headset,EACH,1,$14.99,$10.19,32%,"Standard Desktop Options
Upgrades",Headsets Microphones & Speakers,Peripherals
1015a,,,DELL,A3793590,DVI-D M/M Dual Link Digital Video Cable 6',6 ft DVI-D Single Link Digital Video Monitor Cable w/ Audio,EACH,1,$12.99,$8.83,32%,"Standard Desktop Options
Upgrades",Cables & Adapters,Peripherals
1016b,,,DELL,470-AANH,DisplayPort to DVI 6.5',DisplayPort 1.1 Male to DVI-D Male Black Cable - 6.5 ft,EACH,1,$24.99,$16.99,32%,"Standard Desktop Options
Upgrades",Cables & Adapters,Peripherals
1017b,,,DELL,470-AANW,DiplayPort to DVI (Dual-Link),"The Dell™ DisplayPort to DVI (Dual-Link) adapter lets you to take video content from your laptop or desktop and display it on any monitor, projector or HDTV featuring a DVI (Dual-Link) input.",EACH,1,$139.99,$95.19,32%,"Standard Desktop Options
Upgrades",Cables & Adapters,Peripherals
1019c,,,DELL,370-ACMQ,Dell 16GB DDR3L Memory,"16GB (2x8GB), 1600MHz DDR3L Memory (5040)",EACH,1,$260.00,$176.80,32%,"Power Desktop Options
Upgrades",Memory,Components
1020c,,,DELL,490-BCPG,AMD Radeon R5 340X,2GB DP/DVI-I,EACH,1,$110.00,$74.80,32%,"Power Desktop Options
Upgrades",Video Cards,Components
1021c,,,DELL,490-BCPF,AMD Radeon R7 350X,"4GB, HH (DP SL-DVI-I)",EACH,1,$180.00,$122.40,32%,"Power Desktop Options
Upgrades",Video Cards,Components
1022c,,,DELL,400-AIOY,"Dell 1TB 3.5"" HDD",3.5 inch 1TB 7200rpm Hard Disk Drive,EACH,1,$130.00,$88.40,32%,"Power Desktop Options
Upgrades",Storage Devices,Components
1023c,,,DELL,400-AIRX,Dell 128GB SSD (SATA),128GB SATA Solid State Drive,EACH,1,$200.00,$136.00,32%,"Power Desktop Options
Upgrades",Storage Devices,Components
1024c,,,DELL,400-AIRY,Dell 256GB SSD (PCIe),256GB PCIe Solid State Drive,EACH,1,$400.00,$272.00,32%,"Power Desktop Options
Upgrades",Storage Devices,Components
1026d,,,DELL,"470-ABLQ, 555-
BCMT",Intel® Dual Band Wireless 8260, (802.11ac) + Bluetooth,EACH,1,$53.00,$36.04,32%,"Power Desktop Options
Upgrades",Networking,Components
1027d,,,DELL,631-AASS,Intel Standard Manageability,Upgrade to Intel Standard Manageability,EACH,1,$15.00,$10.20,32%,"Power Desktop Options
Upgrades",Support,Services
1028d,,,DELL,429-AAVN,Dell 8x DVD-ROM Optical Disk Drive,"8x DVD-ROM, 9.5mm Optical Disk Drive",EACH,1,$40.00,$27.20,32%,"Power Desktop Options
Upgrades",Storage Devices,Components
1030b,,,DELL,338-BFJW,Intel® Xeon® Processor E5-1620 v3,"Quad Core HT, 3.7 GHz
Turbo, 10 MB",EACH,1,$340.00,$231.20,32%,Workstation Options Upgrades,Processors,Components
1031b,,,DELL,338-BFJV,Intel® Xeon® Processor E5-1660 v3,"Six Core HT, 3.5 GHz
Turbo, 12 MB",EACH,1,"$1,820.00","$1,237.60",32%,Workstation Options Upgrades,Processors,Components
1033b,,,DELL,370-ABUP,Dell 32GB 18666MHz DDR3 Memory,"32GB (4x8GB), 1866MHz DDR3 ECC RDIMM",EACH,1,"$1,040.00",$707.20,32%,Workstation Options Upgrades,Memory,Components
1034b,,,DELL,490-BCCO,NVIDIA® Quadro® K4200 4GB,"2 DP DL-DVI-I, 1 DP to SL-
DVI adapter",EACH,1,"$2,200.00","$1,496.00",32%,Workstation Options Upgrades,Video Cards,Components
,,,DELL,400-AETZ,"2x900GB 2.5"" SAS HD","2x900GB 2.5inch, SAS (10.000 Rpm) Hard Drive",EACH,1,$729.00,$495.72,32%,Workstation Options Upgrades,Storage Devices,Components
1040b,,,DELL,400-AECP,"Dell 256 GB 2.5"" SSD","256GB 2.5inch, Serial ATA Solid State Drive",EACH,1,$477.00,$324.36,32%,Workstation Options Upgrades,Storage Devices,Components
1041b,,,DELL,400-AECQ,"Dell 512GB 2.5"" SSD","512GB 2.5inch, Serial ATA Solid State Drive",EACH,1,$810.33,$551.02,32%,Workstation Options Upgrades,Storage Devices,Components
1042b,,,DELL,540-BBHC,Intel® X540-T2 10GbE NIC,"Dual Port, Copper",EACH,1,$450.00,$306.00,32%,Workstation Options Upgrades,Networking,Components
1043b,,,DELL,555-BBGR,Dell Wireless 1540,802.11 a/g/n PCIe,EACH,1,$49.00,$33.32,32%,Workstation Options Upgrades,Networking,Components
1044b,,,DELL,429-AAPD,Dell 8x Slimline DVD-ROM,8x Slimline DVD-ROM Drive,EACH,1,$30.00,$20.40,32%,Workstation Options Upgrades,Storage Devices,Components
1045B,,,DELL,429-AAUX,Dell External USB Slim DVD+/-RW Optical Drive,Dell External USB Slim DVD+/-RW Optical Drive,EACH,1,$59.99,$40.79,32%,Thin Client Options Upgrades,Storage Devices,Components
1047,,,DELL,A7287839,KINGSTON DATATRAVELER G4,USB-FLASHSTAS,EACH,1,$10.99,$7.47,32%,Thin Client Options Upgrades,Storage Devices,Components
1048b,,,DELL,A6188150,WYSE Displayport (M) TO DVI-D (F) adapter,WYSE Displayport (M) TO DVI-D (F) adapter,EACH,1,$27.55,$18.73,32%,Thin Client Options Upgrades,Cables & Adapters,Peripherals
1049c,,,DELL,338-BHUG,Intel® CoreTM i5-6600 Processor,"Quad Core, 6MB, 4T,
3.3GHz, 65W",EACH,1,$235.00,$159.80,32%,All In One Options Upgrades,Processors,Components
1050c,,,DELL,338-BHUH,Intel® CoreTM i7-6700 Processor,"Quad Core, 8MB, 8T,
3.4GHz, 65W",EACH,1,$340.00,$231.20,32%,All In One Options Upgrades,Processors,Components
1051c,,,DELL,370-ACHX,Dell 8GB DDR4Memory,"8GB (2x4GB), 2133MHz DDR4 Memory",EACH,1,$130.00,$88.40,32%,All In One Options Upgrades,Memory,Components
1054c,,,DELL,400-AMPC,Dell 128GB SSD (SATA),M.2 128GB SATA Solid State Drive,EACH,1,$200.00,$136.00,32%,All In One Options Upgrades,Storage Devices,Components
1055c,,,DELL,631-AAUF,Intel vPro,Intel® vPro Technology Enabled,EACH,1,$40.00,$27.20,32%,All In One Options Upgrades,Support,Services
1056c,,,DELL,429-AAWE,Dell 8x DVD-ROM,8x DVD-ROM 9.5mm Optical Disk Drive,EACH,1,$40.00,$27.20,32%,All In One Options Upgrades,Storage Devices,Components
1057a,,,DELL,A3793590,DVI 6.6' Cable,"MS - Display cable - DVI-D M - DVI-D M - 6.6 ft  ( included in the
22"" widescreen monitor)",EACH,1,$12.99,$8.83,32%,Monitor Option/Upgrades,Cables & Adapters,Peripherals
1058b,,,DELL,A7639742,DisplayPort Cable with Latches,C2G 2M Displayport CBL W/ latches,EACH,1,$15.99,$10.87,32%,Monitor Option/Upgrades,Cables & Adapters,Peripherals
1059a,,,DELL,575-BBHE,Dell OptiPlex Micro Stand,Dell OptiPlex Micro AIO Stand,EACH,1,$92.86,$63.14,32%,Micro Desktop Options,Displays,Peripherals
1060a,,,DELL,575-BBHC,Opti Micro Mount,Opti Micro VESA Mount,EACH,1,$28.57,$19.43,32%,Micro Desktop Options,Mounting,Peripherals
1061a,,,DELL,575-BBHF,Opti Micro Dual Mount,Opti Micro Dual VESA Mount,EACH,1,$35.71,$24.28,32%,Micro Desktop Options,Mounting,Peripherals
,,,DELL,575-BBHH,Opti Micro Console,Opti Micro Console,EACH,1,$121.43,$82.57,32%,Micro Desktop Options,Mounting,Peripherals
1064a,,,DELL,382-BBDP,DisplayPort Option,2nd Display Port (Only 7040 Micro),EACH,1,$13.00,$8.84,32%,Micro Desktop Options,Cables & Adapters,Peripherals
1065,,,DELL,338-BHUU,Intel® CoreTM i7-6700T Processor,"Quad Core, 8MB, 8T,
2.8GHz, 35W), 3040MFF",EACH,1,$340.00,$231.20,32%,"Micro Standard Desktop
Upgrades",Processors,Components
1066,,,DELL,370-AAMU,Dell 16GB DDR3 Memory,"16GB (2x8GB), 1600MHz DDR3 Non-ECC(3040MFF)",EACH,1,$260.00,$176.80,32%,"Micro Standard Desktop
Upgrades",Memory,Components
1067,,,DELL,370-AAML,Dell 8GB DDR3L Memory,"8GB (2x4GB), 1600MHz DDR3L Memory(3040MFF)",EACH,1,$130.00,$88.40,32%,"Micro Standard Desktop
Upgrades",Memory,Components
1068,,,DELL,400-AJKT,"Dell 128GB 2.5"" SSD",2.5inch 128GB SSD(3040MFF),EACH,1,$200.00,$136.00,32%,"Micro Standard Desktop
Upgrades",Storage Devices,Components
1069,,,DELL,338-BHUH,Intel® CoreTM i7-6700 Processor,"Quad Core, 8MB, 8T,
3.4GHz, 65W",EACH,1,$340.00,$231.20,32%,"Standard Desktop Options
Upgrades",Processors,Components
1070,,,DELL,370-ACMQ,Dell 16GB DDR3L Memory,"16GB (2x8GB), 1600MHz DDR3L Memory",EACH,1,$260.00,$176.80,32%,"Standard Desktop Options
Upgrades",Memory,Components
1071,,,DELL,400-AJKS,"Dell 128GB 2.5"" SSD",2.5 128GB SSD,EACH,1,$200.00,$136.00,32%,"Standard Desktop Options
Upgrades",Storage Devices,Components
1072,,,DELL,400-AJCK,Dell 256GB SSD,256GB Solid State Drive,EACH,1,$400.00,$272.00,32%,"Standard Desktop Options
Upgrades",Storage Devices,Components
1073,,,DELL,490-BCYM,AMD RadeonTM R7 350X,"4GB (DP, SL-DVI-I",EACH,1,$180.00,$122.40,32%,"Standard Desktop Options
Upgrades",Video Cards,Components
1074,,,DELL,490-BCYL,AMD RadeonTM R5 340X,2GB DP/DVI-I,EACH,1,$110.00,$74.80,32%,"Standard Desktop Options
Upgrades",Video Cards,Components
1075,,,DELL,"421-9983, 954-3463",DDPE Enterprise Edition 3 Year,"DDPE Enterprise Edition License + ProSupport for Software
3 Year",EACH,1,$104.00,$70.72,32%,"Standard Desktop Options
Upgrades",Support,Services
1076,,,DELL,400-AHZI,"Dell 1TB 2.5"" HDD",2.5 inch 1TB 7200rpm Hard Disk Drive (7040 Micro),EACH,1,$130.00,$88.40,32%,"Power Desktop Options
Upgrades",Storage Devices,Components
1077,,,DELL,370-ACMR,Dell 16GB DDR4Memory,"16GB (2x8GB), 2133MHz DDR4 Memory (7040
Micro)",EACH,1,$260.00,$176.80,32%,"Power Desktop Options
Upgrades",Memory,Components
1078,,,DELL,338-BHUF,Intel® CoreTM i5-6500 Processor,"Quad Core, 6MB, 4T,
3.2GHz, 65W",EACH,1,$205.00,$139.40,32%,"Power Desktop Options
Upgrades",Processors,Components
1079,,,DELL,338-BHUS,Intel® CoreTM i5-6500T Processor,"Quad Core, 6MB, 4T,
2.5GHz, 35W 7040 Micro",EACH,1,$205.00,$139.40,32%,"Power Desktop Options
Upgrades",Processors,Components
1080,,,DELL,370-ACKD,Dell 16GB DDR4 Memory,"16GB (2x8GB), 2133MHz DDR4 Memory (7040)",EACH,1,$260.00,$176.80,32%,"Power Desktop Options
Upgrades",Memory,Components
1081,,,DELL,370-ACKC,Dell 32GB DDR4 Memory,"32GB (4x8GB), 2133MHz DDR4 Memory",EACH,1,$570.00,$387.60,32%,"Power Desktop Options
Upgrades",Memory,Components
1082,,,DELL,400-AIRW,"Dell 500GB 2.5"" HDD","2.5 inch 500GB 7200rpm OPAL 2.0 FIPS Self Encrypting Hard
Disk Drive",EACH,1,$160.00,$108.80,32%,"Power Desktop Options
Upgrades",Storage Devices,Components
,,,DELL,490-BCQT,AMD R5 340X,"2GB DP/DVI, 5040 MINITOWER",EACH,1,$110.00,$74.80,32%,Upgrades,Video Cards,Components
1085,,,DELL,325-BBQT,"Secure Cable Cover, SFF","Secure Cable Cover, SFF",EACH,1,$25.33,$17.22,32%,"Power Desktop Options
Upgrades",Cables & Adapters,Peripherals
1086,,,DELL,325-BBTM,"Secure Cable Cover, MT","Secure Cable Cover, MT",EACH,1,$28.57,$19.43,32%,"Power Desktop Options
Upgrades",Cables & Adapters,Peripherals
1087,,,DELL,370-ACHX,Dell 8GB DDR4 Memory,"8GB (2x4GB), 2133MHz DDR4 Memory",EACH,1,$130.00,$88.40,32%,All In One Options Upgrades,Memory,Components
1088,,,DELL,370-ACHW,Dell 16GB DDR4 Memory,"16GB (2x8GB), 2133MHz DDR4 Memory (7440 AIO)",EACH,1,$260.00,$176.80,32%,All In One Options Upgrades,Memory,Components
1089,,,DELL,400-AKYB,Dell 256GB PCIe SSD,256GB PCIe Solid State Drive,EACH,1,$400.00,$272.00,32%,All In One Options Upgrades,Storage Devices,Components
1090,,,DELL,400-AHIF,Dell 512GB SATA SSD,2.5 inch 512GB SATA Solid State Drive,EACH,1,$900.00,$612.00,32%,All In One Options Upgrades,Storage Devices,Components
1091,,,DELL,400-AHZH,"Dell 500GB 2.5"" HDD","2.5 inch 500GB 7200rpm FIPS Certified Self-Encrypting Hard
Drive",EACH,1,$160.00,$108.80,32%,All In One Options Upgrades,Storage Devices,Components
1092,,,DELL,"391-BCNF, 490-
BCTH",Dell 4K Touch ,4K TOUCH LCD,EACH,1,$685.00,$465.80,32%,All In One Options Upgrades,Displays,Peripherals
1800b,,,DELL,858-BBCU,"Dell 19.5"" Widescreen","P2016 19.5"" WideScreen Monitor",EACH,1,$189.99,$129.20,32%,Monitor Options Upgrades,Displays,Peripherals
1801a,,,VIEWSONIC,TD2220,"Viewsonic 22"" Touchscreen","22"" Touchscreen monitor",EACH,1,$445.00,$302.60,32%,Monitor Options Upgrades,Displays,Peripherals
1802a,,,DELL,320-9704,"Dell 22"" Widescreen","P2213 22"" Widescreen Monitor",EACH,1,$219.99,$149.59,32%,Monitor Options Upgrades,Displays,Peripherals
1803c,,,DELL,320-9794,"Dell 24"" Widescreen","P2414H 24"" Widescreen  Monitor",EACH,1,$299.99,$204.00,32%,Monitor Options Upgrades,Displays,Peripherals
,,,DELL,"997-8533, 997-8536",Dell 4 Year Service,4 Year Basic Hardware Service with 4 Year NBD on-site,EACH,1,$188.00,$101.52,46%,Power Desktop Service O/U,Support,Services
2001b,,,DELL,"997-8538, 997-8533",5 Year Basic Hardware Service with NBD on-site,5 Year Basic Hardware Service with NBD on-site,EACH,1,$228.00,$123.12,46%,Power Desktop Service O/U,Support,Services
2002b,,,DELL,984-0092,"Keep Your Hard Drive, 3 Years","Keep Your Hard Drive, 3 Years",EACH,1,$20.00,$10.80,46%,Standard Desktop Service O/U,Support,Services
2003a,,,DELL,981-3953,"Keep Your Hard Drive, 4 Years","Keep Your Hard Drive, 4 Years",EACH,1,$25.00,$13.50,46%,Standard Desktop Service O/U,Support,Services
2004a,,,DELL,980-7554,"Keep Your Hard Drive, 5 Years","Keep Your Hard Drive, 5 Years",EACH,1,$30.00,$16.20,46%,Standard Desktop Service O/U,Support,Services
2005a,,,DELL,"983-7873, 986-4872",4 Year Warranty,Upgrade 4 Year Warranty Exchange Replacement,EACH,1,$39.00,$21.06,46%,Monitor Service O/U,Support,Services
,,,DELL,"997-7166, 997-7163",4 Year Hardware Service,"4 Year Basic Hardware Service with 4 Year NBD Limited
Onsite Service After Remote Diagnosis",EACH,1,$372.00,$200.88,46%,Workstation Options Upgrades,Support,Services
2008b,,,DELL,"997-7163, 997-7168",5 Year Hardware Service,"5 Year Basic Hardware Service with 5 Year NBD Limited
Onsite Service After Remote Diagnosis",EACH,1,$472.00,$254.88,46%,Workstation Options Upgrades,Support,Services
2009a,,,DELL,984-1772,"Keep Your Hard Drive, 3 Years","Keep Your Hard Drive, 3 Years",EACH,1,$20.00,$10.80,46%,Workstation Options Upgrades,Support,Services
2010a,,,DELL,981-5573,"Keep Your Hard Drive, 4 Years","Keep Your Hard Drive, 4 Years",EACH,1,$25.00,$13.50,46%,Workstation Options Upgrades,Support,Services
2011a,,,DELL,980-9194,"Keep Your Hard Drive, 5 Years","Keep Your Hard Drive, 5 Years",EACH,1,$30.00,$16.20,46%,Workstation Options Upgrades,Support,Services
2012c,,,DELL,"803-8591, 803-8583",4 Year Hardware Service,4 Year Basic Hardware Service with NBD on-site,EACH,1,$178.00,$96.12,46%,Standard Desktop Service O/U,Support,Services
2013c,,,DELL,"803-8583, 803-8593",5 Year Hardware Service,5 Year Basic Hardware Service with 4 Year NBD on-site,EACH,1,$208.00,$112.32,46%,Standard Desktop Service O/U,Support,Services
2014a,,,DELL,A6047259,1 Year Silverchoice Renewal,"VL 1 Year Silverchoice Renewal for Z-Class (same as 4 year
Basic)",EACH,1,$49.00,$26.46,46%,Thin Client Service O/U,Support,Services
2015a,,,DELL,A6047260,(2) 1 Year Silverchoice Renewals,"(2) VL 1 Year Silverchoice Renewal for Z-Class (same as a 5
year basic - but order quantity of 2)",EACH,1,$49.00,$26.46,46%,Thin Client Service O/U,Support,Services
2016c,,,DELL,"997-6870, 997-6873",4 Year Hardware Service,"4 Year Hardware Service with Onsite/In-Home Service After
Remote Diagnosis",EACH,1,$322.00,$173.88,46%,All In One Service O/U,Support,Services
2017d,,,DELL,"997-6870, 997-6875",5 Year Hardware Service,"5 Year Hardware Service with Onsite/In-Home Service After
Remote Diagnosis",EACH,1,$342.00,$184.68,46%,All In One Service O/U,Support,Services
2018,,,DELL,"997-6870, 997-6873",4 Year Hardware Service,4 Year Basic Hardware Service with 4 Year NBD on-site,EACH,1,$322.00,$173.88,46%,"Power Desktop Service O/U
7040",Support,Services
2019,,,DELL,"997-6870, 997-6875",5 Year Hardware Service,5 Year Basic Hardware Service with 5 Year NBD on-site,EACH,1,$342.00,$184.68,46%,"Power Desktop Service O/U
7040",Support,Services
3000a,,,TIG,TIG-INS-CPU,Installation Services,Installation Services,EACH,1,$40.00,$30.80,23%,VAS Standard Desktop,Support,Services
3001a,,,TIG,TIG-ATG-CPU,Asset Tagging Services,Asset Tagging Services - Customer Provided Tags,EACH,1,$10.00,$7.70,23%,VAS Standard Desktop,Support,Services
3002,,,TIG,TIG-AIN-CPU,Asset Information via Internet,Asset Information via Internet,EACH,1,,,23%,VAS Standard Desktop,Support,Services
3003a,,,TIG,TIG-IMG-CPU,Imaging,Imaging,EACH,1,$27.00,$20.79,23%,VAS Standard Desktop,Support,Services
3004,,,TIG,TIG-SWC-CPU,Self-Warranty Certification,Self-Warranty Certification,EACH,1,,,23%,VAS Standard Desktop,Support,Services
3005,,,TIG,TIG-DIS-CPU,Take-Back Services,Take-Back Services,EACH,1,$10.00,$7.70,23%,VAS Standard Desktop,Support,Services
3006,,,TIG,TIG-DLG-CPU,Deployments & Logistics Services,Deployments & Logistics Services,HOUR,1,$46.00,$35.42,23%,VAS Standard Desktop,Support,Services
3007a,,,TIG,TIG-EMG-CPU,Emergency Services,Emergency Services ( 4 hour response),HOUR,1,$58.00,$44.66,23%,VAS Standard Desktop,Support,Services
3008,,,DELL,"365-1245, 365-1401",Computrace 3 Year License,Absolute Computrace Complete 3YR License,EACH,1,$174.95,$134.71,23%,VAS Standard Desktop,Support,Services
100d,43211500,210-AFTZ,DELL,210-AFTZ,Dell Latitude E5470,"i5-6200U, 2.3GHz, 4GB DDR4-
2133MHz 1DIMM, Windows 10 Pro 64-bit (Windows 7 Compatible),
500GB SATA II 7200RPM, Intel Integrated Graphics Card, 14.0"" HD
Widescreen, Integrated Wireless, Bluetooth,  4-Cell Battery, 3 -Year
NBD Onsite Warranty",EACH,1,"$1,624.09",$730.84,55%,Standard Laptop Config,Standard,Laptops
200d,43211500,210-AFTZP,DELL,210-AFTZP,Dell Latitude E5470 ,"i5-6200U, 2.3GHz, 8GB DDR4-
2133MHz 2DIMM, Windows 10 Pro 64-bit (Windows 7 Compatible),
500GB SATA II 7200RPM, Intel Integrated Graphics Card, 14.0"" HD
Widescreen, Integrated Wireless, Bluetooth,  4-Cell Battery, 3 -Year
NBD Onsite Warranty",EACH,1,"$1,699.09",$764.59,55%,Power Laptop Config,Standard,Laptops
300d,43211500,210-AFTT,DELL,210-AFTT,Dell Latitude E7270,"i5-6200U, 2.3GHz, 4GB DDR4-
2133MHz 1DIMM, Windows 10 Pro 64-bit (Windows 7 Compatible),
128GB SATA III Solid State HD, Intel Integrated Graphics Card, 12.5""
HD Widescreen Integrated Wireless, Bluetooth, 4-Cell Battery, 3-Year
NDB Onsite Warranty",EACH,1,"$1,947.80",$876.51,55%,Ultralight Laptop Config,Ultralight,Laptops
400d,43211500,210-AFXM,DELL,210-AFXM,Dell Mobile Precision 7510,"i7-6820HQ 2.7GHz
Quad Core, 16GB DDR4 2133MHz 2DIMMS, Windows 10 Pro 64-bit
(Windows 7 Compatible), 500GB SATA II 7200RPM, AMD FireProTM W5170M w/2GB GDDR5, 15.6"" HD Widescreen, Integrated Wireless,
Bluetooth. 6-cell battery. 3-Year NBD Onsite Warranty
",EACH,1,"2,230.06","1,003.53",55%,Mobile Workstation Config,Workstation,Laptops
1005b,43211500,451-BBUV,DELL,451-BBUV,Dell 6 Cell Battery,6 Cell (91 Whr) Long Life Cycle Lithium Polymer battery,EACH,1,$212.86,$138.36,35%,"Options/Upgrades
Mobile Workstation",Batteries,Components
1007,43211500,313-7362,DELL,313-7362,Dell External Speakers,USB Powered External Speakers,EACH,1,19.99,$12.99,35%,"Options/Upgrades
All Laptops",Headsets Microphones & Speakers,Peripherals
1008c,43211500,429-AAUX,DELL,429-AAUX,USB External DVD+/-RW Drive,USB External DVD+/-RW Drive,EACH,1,59.99,$38.99,35%,"Options/Upgrades
Standard and Ultralight
Laptop",Storage Devices,Components
1009c,43211500,"379-BCFY, 391-BCDQ",DELL,"379-BCFY, 391-BCDQ",Intel® CoreTM i7-6600U,"Dual Core, 2.6GHz, 4M cache, 15W vPro",EACH,1,$500.00,$325.00,35%,"Options/Upgrades
Power Laptop",Processors,Components
1010a,43211500,NA,DELL,NA,Integrated Microphone,Add Integrated Microphone (INCLUDED IN BASE),EACH,1,,,35%,"Options/Upgrades
Power Laptop",Headsets Microphones & Speakers,Peripherals
1011a,43211500,NA,DELL,NA,Integrated Microphone,Add Integrated Microphone (INCLUDED IN BASE),EACH,1,,,35%,"Options/Upgrades
Standard Laptop",Headsets Microphones & Speakers,Peripherals
1012c,43211500,346-BBPV,DELL,346-BBPV,Fingerprint & Smartcard Reader,Fingerprint Reader/Smartcard Reader,EACH,1,30,$19.50,35%,"Options/Upgrades
Ultralight Laptop",Security,Components
1014b,43211500,"319-BBDT, 320-BBQV, 391
BCFG",DELL,"319-BBDT, 320-BBQV, 391
BCFG",Integrated Microphone,Add Integrated Microphone,EACH,1,$212.86,$138.36,35%,"Options/Upgrades
Mobile Workstation",Headsets Microphones & Speakers,Peripherals
1016c,43211500,370-ACDE,DELL,370-ACDE,Dell 8GB DDR4 Memory,"8GB (2x4GB), 2133MHz DDR4 Memory",EACH,1,$180.00,$117.00,35%,"Options/Upgrades
Ultralight Laptop",Memory,Components
1017c,43211500,338-BIFC,DELL,338-BIFC,Intel® CoreTM i7-6920HQ,"Quad Core 2.90GHz, 3.80GHz Turbo, 8MB
45W, w/Intel HD Graphics 530",EACH,1,$741.43,$481.93,35%,"Options/Upgrades
Mobile Workstation",Processors,Components
1018b,43211500,370-ACEB,DELL,370-ACEB,Dell 32GB DDR4 Memory,"32GB (2x16GB), DDR4-2133MHz SDRAM, 4 DIMMS",EACH,1,$588.57,$382.57,35%,"Options/Upgrades
Mobile Workstation",Memory,Components
1020c,43211500,"379-BCFY, 391-BCDQ",DELL,"379-BCFY, 391-BCDQ",Intel® CoreTM i7-6600U,"Dual Core, 2.6GHz, 4M cache, 15W vPro",EACH,1,$500.00,$325.00,35%,"Options/Upgrades
Standard Laptop",Processors,Components
1021b,43211500,379-BCFY,DELL,379-BCFY,Intel® CoreTM i7-6600U,"Dual Core, 2.6GHz, 4M cache, 15W",EACH,1,$400.00,$260.00,35%,"Options/Upgrades
Ultralight Laptop",Processors,Components
1022a,43211500,370-ACDF,DELL,370-ACDF,Dell 16GB DDR4 Memory,"16GB (2x8GB), DDR4-2133MHZ",EACH,1,$330.00,$214.50,35%,"Options/Upgrades
Power Laptop",Memory,Components
1023b,43211500,391-BCFM,DELL,391-BCFM,Integrated Webcam,Add Integrated Webcam,EACH,1,30,$19.50,35%,"Options/Upgrades
Ultralight Laptop",Webcams,Components
1024a,43211500,319-BBCW,DELL,319-BBCW,"Integrated Microphone, No Webcam",Add Integrated Microphone (Remove Webcam),EACH,1,,,35%,"Options/Upgrades
Ultralight Laptop",Headsets Microphones & Speakers,Peripherals
1026,43211500,330-9456,DELL,330-9456,Optical Mouse,Add USB optical mouse,EACH,1,19.99,$12.99,35%,"Options/Upgrades
All Laptops",Keyboards & Mice,Peripherals
1027a,43211500,331-9653,DELL,331-9653,USB Keyboard,Add USB keyboard,EACH,1,29.99,$19.49,35%,"Options/Upgrades
All Laptops",Keyboards & Mice,Peripherals
1028a,43211500,631-AARN,DELL,631-AARN,Intel vPro,Upgrade to Intel vPro Technology,EACH,1,30,$19.50,35%,"Options/Upgrades
Power Laptop",Support,Services
1029c,43211500,346-BBRJ,DELL,346-BBRJ,Fingerprint & Smartcard Reader,Fingerprint Reader/Smartcard Reader,EACH,1,30,$19.50,35%,"Options/Upgrades
Power Laptop",Security,Components
1030b,43211500,631-AARD,DELL,631-AARD,Intel vPro,Upgrade Intel vProTM Technology’s Advanced Management Features,EACH,1,30,$19.50,35%,"Options/Upgrades
Ultralight Laptop",Support,Services
1031b,43211500,346-BBRE,DELL,346-BBRE,Fingerprint & Smartcard Reader,Add fingerprint reader/Smartcard Reader,EACH,1,70,$45.50,35%,"Options/Upgrades
Mobile Workstation",Security,Components
1032b,43211500,631-AAQU,DELL,631-AAQU,Intel vPro,Intel vPro Technology Enabled,EACH,1,$27.14,$17.64,35%,"Options/Upgrades
Mobile Workstation",Support,Services
1033a,43211500,331-6304,DELL,331-6304,Dell Standard,"Docking Station with A/C adapter, supports laptop recharging",EACH,1,$219.99,$142.99,35%,"Options/Upgrades
Mobile Workstation",Docking Stations,Peripherals
1034a,43211500,469-4546,DELL,469-4546,Dell Car Charger Adapter,"Dell 90-Watt Auto-Air DC Adapter for Select Dell Systems(Car
Charger)",EACH,1,$99.99,$64.99,35%,"Options/Upgrades
Standard, Power and
Ultralight Laptop",Batteries,Components
1035a,43211500,570-AALK,DELL,570-AALK,Wireless Mouse,Dell Wireless Mouse-WM126 - Black,EACH,1,$19.99,$12.99,35%,"Options/Upgrades
All Laptops",Keyboards & Mice,Peripherals
1036c,43211500,400-AHCC,DELL,400-AHCC,Dell 256GB SSD,256GB Solid State Drive,EACH,1,$320.00,$208.00,35%,"Options/Upgrades
Ultralight Laptop",Storage Devices,Components
1038b,43211500,400-AJBG,DELL,400-AJBG,Dell 256GB SSD,256GB  Solid State Drive,EACH,1,$284.29,$184.79,35%,"Options/Upgrades
Mobile Workstation",Storage Devices,Components
1041b,43211500,400-AJBO,DELL,400-AJBO,Dell 500GB OPAL,500G 7200 OPAL,EACH,1,$84.29,$54.79,35%,"Options/Upgrades
Mobile Workstation",Storage Devices,Components
1043c,43211500,391-BCDP,DELL,391-BCDP,Integrated Webcam,Add Integrated Webcam,EACH,1,30,$19.50,35%,"Options/Upgrades
Standard, Power",Webcams,Components
1044b,43211500,331-6307,DELL,331-6307,Dell E-Port Replicator,Dell E-Port Replicator Docking Station with USB 3.0,EACH,1,$169.00,$109.85,35%,"Options/Upgrades
Standard, Power and
Ultralight Laptop",Docking Stations,Peripherals
1045,81110000,980-5714,DELL,980-5714,"Keep Your Hard Drive, 5 Year","Keep Your Hard Drive, 5 Year",EACH,1,30,$19.50,35%,"Options/Upgrades
Mobile Workstation",Support,Services
1046,81110000,980-9314,DELL,980-9314,"Keep Your Hard Drive, 5 Year","Keep Your Hard Drive, 5 Year",EACH,1,30,$19.50,35%,"Options/Upgrades
Standard, Power and
Ultralight Laptop",Support,Services
1047,81110000,981-2233,DELL,981-2233,"Keep Your Hard Drive, 4 Year","Keep Your Hard Drive, 4 Year",EACH,1,25,$16.25,35%,"Options/Upgrades
Mobile Workstation",Support,Services
1048,81110000,981-5693,DELL,981-5693,"Keep Your Hard Drive, 4 Year","Keep Your Hard Drive, 4 Year",EACH,1,25,$16.25,35%,"Standard, Power and
Ultralight Laptop",Support,Services
1049,81110000,983-8332,DELL,983-8332,"Keep Your Hard Drive, 3 Year","Keep Your Hard Drive, 3 Year",EACH,1,$20.00,$13.00,35%,"Options/Upgrades
Mobile Workstation",Support,Services
1050,81110000,984-1892,DELL,984-1892,"Keep Your Hard Drive, 3 Year","Keep Your Hard Drive, 3 Year",EACH,1,20,$13.00,35%,"Standard, Power and
Ultralight Laptop",Support,Services
1051b,43211500,A1475677,DELL,A1475677,Targus Corporate Traveler Laptop Case,"16-inch, Corporate Traveler, Vertical Rolling Laptop Case",EACH,1,52.99,$34.44,35%,"Options/Upgrades
All Laptops",Cases & Bags,Peripherals
1052a,43211500,A5468037,DELL,A5468037,Logitech Wireless Headset H600,LOGITECH WIRELESS HEADSET H600,EACH,1,29.99,$45.49,35%,"Options/Upgrades
All Laptops",Headsets Microphones & Speakers,Peripherals
1053,43211500,A6107465,DELL,A6107465,Wireless Keyboard,Add wireless keyboard,EACH,1,29.99,$19.49,35%,"Options/Upgrades
All Laptops",Keyboards & Mice,Peripherals
1054c,43211500,460-BBRC,DELL,460-BBRC,Dell Topload Carrying Case,"Dell, Professional Topload Carrying Case, 14”",EACH,1,59.99,$38.99,35%,"Options/Upgrades
All Laptops",Cases & Bags,Peripherals
1055c,43211500,370-ACDE,DELL,370-ACDE,Dell 8GB DDR4 Memory,"8GB (2x4GB), 2133MHz DDR4 Memory",EACH,1,$180.00,$117.00,35%,"Options/Upgrades
Standard Laptop",Memory,Components
1056b,43211500,"365-0521, 374-4751",DELL,"365-0521, 374-4751",Kensington Combination Lock,Kensington Combination Lock,EACH,1,39.85,$25.90,35%,"Options/Upgrades
All Laptops",Security,Components
1057b,43211500,400-AHCC,DELL,400-AHCC,Dell 256GB SSD,256GB Solid State Drive,EACH,1,$320.00,$208.00,35%,"Options/Upgrades
Power Laptop",Storage Devices,Components
1059b,43211500,391-BCDN,DELL,391-BCDN,"Dell Standard 14"" Touchscreen","14"" Touch FHD LCD with camera, WWAN",EACH,1,$280.00,$182.00,35%,"Options/Upgrades
Standard Laptop",Laptop Screens,Components
1060b,43211500,"391-BCEV, 451-BBPK",DELL,"391-BCEV, 451-BBPK","Dell Ultralight 12.5"" Screen","12.5” FHD Touch with Corning® Gorilla® Glass NBT (1920 x 10800)
LCD with camera, WIGI",EACH,1,$379.00,$246.35,35%,"Options/Upgrades
Ultralight Laptop",Laptop Screens,Components
1062a,43211500,580-ACKL,DELL,580-ACKL,Backlit Keyboard (Standard),Backlit Keyboard,EACH,1,50,$32.50,35%,"Options/Upgrades
Standard Laptop",Keyboards & Mice,Peripherals
1063a,43211500,391-BCDH,DELL,391-BCDH,"Dell Standard 15"" Touchscreen","15"" Touch FHD LCD with Camera, WIGI",EACH,1,$280.00,$182.00,35%,"Options/Upgrades
Standard Laptop",Laptop Screens,Components
1064a,43211500,391-BCFN,DELL,391-BCFN,"Dell 14"" Ultralight Touchscreen","14"" Touch FHD LCD with Camera, WIGI",EACH,1,$480.00,$312.00,35%,"Options/Upgrades
Ultralight Laptop",Laptop Screens,Components
1065a,43211500,379-BCFY,DELL,379-BCFY,Intel® CoreTM i7-6600U,"Dual Core, 2.6GHz, 4M cache, 15W",EACH,1,$400.00,$260.00,35%,"Options/Upgrades
Ultralight Laptop",Processors,Components
1066,43211500,"954-3471,
421-9983",DELL,"954-3471,
421-9983",DDPE Enterprise Edition 5 Year,"PS4SW,DDPE,ENTERPRISE EDITION,5YR, DDPE Enterprise
Edition DD",EACH,1,$129.00,$83.85,35%,"Options/Upgrades
All Laptops",Support,Services
1067a,43211500,370-ACDF,DELL,370-ACDF,Dell 16GB DDR4 Memory,"16GB (2x8GB), DDR4-2133MHz",EACH,1,$330.00,$214.50,35%,"Options/Upgrades
All Laptops",Memory,Components
1069a,43211500,555-BCMT,DELL,555-BCMT,Intel® Dual-Band Wireless,"AC 8260 Wi-Fi + BT 4.1 Wireless Card
(2x2)",EACH,1,25,$16.25,35%,"Options/Upgrades
All Laptops",Networking,Components
1070,43211500,460-BBNE,DELL,460-BBNE,Premier Backpack,DELL Premier Backpack,EACH,1,99.99,$64.99,35%,"Options/Upgrades
All Laptops",Cases & Bags,Peripherals
1071a,43211500,331-9053,DELL,331-9053,Dell AC Adapter,DELL AC Adapter,EACH,1,$139.99,$90.99,35%,"Options/Upgrades
All Laptops",Cables & Adapters,Peripherals
1072a,43211500,346-BBPV,DELL,346-BBPV,Smart Card Reader,Smart Card Reader,EACH,1,30,$19.50,35%,"Options/Upgrades
Ultralight Laptop",Security,Components
1073a,43211500,631-AARN,DELL,631-AARN,Intel vPro,Upgrade to Intel vPro Technology,EACH,1,30,$19.50,35%,"Options/Upgrades
Standard Laptop",Support,Services
1074a,43211500,346-BBRJ,DELL,346-BBRJ,Dual Pointing palmrest With Smart Card and Fingerprint Reader,"Dual Pointing Palmrest, Smart Card, Fingerprint Reader",EACH,1,30,$19.50,35%,"Options/Upgrades
Standard Laptop",Security,Components
1075,43211500,332-2270,DELL,332-2270,Mini Displayport to VGA,Dell Adapter Mini Displayport to VGA,EACH,1,34.99,$22.74,35%,"Options/Upgrades
All Laptops",Cables & Adapters,Peripherals
1076,43211500,A7639742,DELL,A7639742,Displayport 6' Cable,Displayport to Displayport 6ft Cable M/M,EACH,1,15.99,$10.39,35%,"Options/Upgrades
All Laptops",Cables & Adapters,Peripherals
1077,43211500,451-BBKV,DELL,451-BBKV,Dell Power Companion,Dell Portable Power Companion (18000mAh),EACH,1,$139.99,$90.99,35%,"Options/Upgrades
All Laptops",Batteries,Components
1078a,43211500,400-AHHX,DELL,400-AHHX,Dell 128GB SSD,128GB SSD,EACH,1,$180.00,$117.00,35%,"Standard and Power
Laptops",Storage Devices,Components
1079a,43211500,370-ACDD,DELL,370-ACDD,Dell 8GB DDR4 Memory,"8GB (1x8GB), 2133MHz DDR4 Memory",EACH,1,$180.00,$117.00,35%,"Standard and Power
Laptops",Memory,Components
1081,43211500,400-AHHV,DELL,400-AHHV,Dell 512GB SSD,M.2 512GB SATA Class 20 Solid State Drive,EACH,1,$580.00,$377.00,35%,"Options/Upgrades
All Laptops",Storage Devices,Components
1082,43211500,"421-9983, 954-3463, 391-
BCDQ",DELL,"421-9983, 954-3463, 391-
BCDQ",DDPE Enterprise Edition 3 Year,DDPE Enterprise Edition License + ProSupport for Software 3 Year,EACH,1,$204.00,$132.60,35%,"Options/Upgrades
All Laptops",Support,Services
1083,43211500,452-BBLQ,DELL,452-BBLQ,Dell E-Port Plus,"E-Port Plus, dock adds dual digital display and legacy port support,
USB 3.0",EACH,1,$219.00,$142.35,35%,"Options/Upgrades
Standard Laptop",Docking Stations,Peripherals
1084,43211500,338-BHOZ,DELL,338-BHOZ,AMD RadeonTM R7 M370,For I7-6820H No Type C (Vpro Capable),EACH,1,$129.00,$83.85,35%,"Options/Upgrades
Standard Laptop",Video Cards,Components
1085,43211500,450-AAYU,DELL,450-AAYU,Dell AC Adapter,90 Watt AC Adaptor,EACH,1,$5.00,$3.25,35%,"Options/Upgrades
Standard Laptop",Cables & Adapters,Peripherals
1086,43211500,346-BBSG,DELL,346-BBSG,Dual Pointing palmrest With Smart Card and Fingerprint Reader,"Dual Pointing Palmrest, Smart Card, Fingerprint Reader",EACH,1,$30.00,$19.50,35%,"Options/Upgrades
Standard Laptop",Security,Components
1087,43211500,631-AARO,DELL,631-AARO,Intel vPro,Intel vProTM Technology’s Advanced Management Features,EACH,1,$30.00,$19.50,35%,"Options/Upgrades
Standard Laptop",Support,Services
1088,43211500,391-BCDL,DELL,391-BCDL,"Dell 15.6"" Standard Screen","15.6"" FHD (1920 x 1080) Anti Glare LCD, Camera and Microphone,
WWAN Capable",EACH,1,$110.00,$71.50,35%,"Options/Upgrades
Standard Laptop",Laptop Screens,Components
1089,43211500,338-BHLO,DELL,338-BHLO,AMD RadeonTM R7 M360,For I7-6600U,EACH,1,$129.00,$83.85,35%,"Options/Upgrades
Standard Laptop",Video Cards,Components
1090,43211500,379-BCGD,DELL,379-BCGD,I7-6820HQ Intel® CoreTM i7-6820HQ,"Quad Core, 2.7GHz, 8M cache",EACH,1,$460.00,$299.00,35%,"Options/Upgrades
Standard Laptop",Processors,Components
1091,43211500,631-AARQ,DELL,631-AARQ,Intel vPro,"INTEL VPRO - ME IN,",EACH,1,$30.00,$19.50,35%,"Options/Upgrades
Standard Laptop",Support,Services
1092,43211500,391-BCFO,DELL,391-BCFO,"Dell 14"" Ultralight Screen","14.0” FHD (1920 x 1080) Anti Glare LCD, Camera and Mic,
WLAN/WWAN Capable",EACH,1,$110.00,$71.50,35%,"Options/Upgrades
Ultralight Laptop",Laptop Screens,Components
1093,43211500,631-AARG,DELL,631-AARG,Intel vPro,Intel vProTM Technology’s Advanced Management Features,EACH,1,$30.00,$19.50,35%,"Options/Upgrades
Ultralight Laptop",Support,Services
1094,43211500,346-BBUY,DELL,346-BBUY,Smart Card,"Smart Card, Contactless Smart Card and Fingerprint Reader for 82
Key, Dual Point Keyboard",EACH,1,$30.00,$19.50,35%,"Options/Upgrades
Ultralight Laptop",Keyboards & Mice,Peripherals
1095,43211500,583-BCUS,DELL,583-BCUS,Backlit Keyboard (Ultralight),82 Key Internal Backlight English Keyboard,EACH,1,$50.00,$32.50,35%,"Options/Upgrades
Ultralight Laptop",Keyboards & Mice,Peripherals
1096,43211500,492-BBFM,DELL,492-BBFM,Mini DisplayPort to VGA,Dell Adapter - Mini DisplayPort to VGA,EACH,1,$37.49,$24.37,35%,"Options/Upgrades
Ultralight Laptop",Cables & Adapters,Peripherals
1097,43211500,391-BCFB,DELL,391-BCFB,"Dell 12.5"" Ultralight Anti-Glare Screen","12.5” FHD (1920 x 1080) Anti Glare LCD with Camera and mic, WLA",EACH,1,$110.00,$71.50,35%,"Options/Upgrades
Ultralight Laptop",Laptop Screens,Components
1098,43211500,379-BCFX,DELL,379-BCFX,Intel® CoreTM i5-6300U,"Dual Core, 2.4GHz, 3M cache, 15W",EACH,1,$220.00,$143.00,35%,"Options/Upgrades
Ultralight Laptop",Processors,Components
1099,43211500,631-AARD,DELL,631-AARD,Intel vPro,Intel vProTM Technology’s Advanced Management Features,EACH,1,$30.00,$19.50,35%,"Options/Upgrades
Ultralight Laptop",Support,Services
1100,43211500,583-BCUH,DELL,583-BCUH,Backlit Keyboard (Ultralight),82 Key Internal Backlight English Keyboard,EACH,1,$50.00,$32.50,35%,"Options/Upgrades
Ultralight Laptop",Keyboards & Mice,Peripherals
1101,43211500,555-BCMV,DELL,555-BCMV,Intel® Tri-Band Wireless,AC 18260 WiGig + Wi-Fi + BT4.1 Wireless,EACH,1,$25.00,$16.25,35%,"Options/Upgrades
Ultralight Laptop",Networking,Components
1102,43211500,"490-BCPK, 490-BCQJ",DELL,"490-BCPK, 490-BCQJ",Dell 512GB SSD,512GB SSD,EACH,1,$614.29,$399.29,35%,"Options/Upgrades
Mobile Workstation",Storage Devices,Components
1104,43211500,338-BIFC,DELL,338-BIFC,Intel Core i7-6920HQ,"Quad Core 2.90 Ghz, 3.80GHz Turbo, 8B 45W",EACH,1,$741.43,$481.93,35%,"Options/Upgrades
Mobile Workstation",Processors,Components
1105,43211500,"319-BBDS, 320-BBQV, 391
BCFF",DELL,"319-BBDS, 320-BBQV, 391
BCFF","Dell 15.6"" Workstation Screen","15.6"" UltraSharpTM FHD IPS (1920x1080) Wide View Anti-Glare LED-",EACH,1,$270.00,$175.50,35%,"Options/Upgrades
Mobile Workstation",Laptop Screens,Components
1106,43211500,370-ACSV,DELL,370-ACSV,Dell 32GB DDR4 Memory,"32GB (2x16GB), 2133MHz DDR4 SDRAM, Non-ECC",EACH,1,$588.57,$382.57,35%,"Options/Upgrades
Mobile Workstation",Memory,Components
1107,43211500,580-ACLF,DELL,580-ACLF,Backlit Keyboard (Workstation),"Internal Dual Pointing Backlit Keyboard, English",EACH,1,$50.00,$32.50,35%,"Options/Upgrades
Mobile Workstation",Keyboards & Mice,Peripherals
1108,43211500,338-BHRI,DELL,338-BHRI,Smart card Thunderbolt,Smart card Thunderbolt,EACH,1,$42.86,$27.86,35%,"Options/Upgrades
Mobile Workstation",Security,Components
1109,43211500,401-AAPS,DELL,401-AAPS,"Dell 1TB 2.5"" SATA",Secondary drive 1TB 2.5 inch 7200 rpm SATA Hard Drive,EACH,1,$198.57,$129.07,35%,"Options/Upgrades
Mobile Workstation",Storage Devices,Components
2000b,81110000,"997-1022,997-1024, 935-
8283",DELL,"997-1022,997-1024, 935-
8283",4 Year Hardware Service,4 Year Basic Hardware Service with 4 Year NBD Onsite Service,EACH,1,$577.66,$398.59,31%,"Service Options/Upgrades
Mobile Workstation",Support,Services
2001b,81110000,"997-1022,997-1025, 933-
9854",DELL,"997-1022,997-1025, 933-
9854",5 Year Hardware Service,5 Year Basic Hardware Service with 5 Year NBD Onsite Service,EACH,1,$823.23,$568.03,31%,"Service Options/Upgrades
Mobile Workstation",Support,Services
2002b,81110000,"997-8317, 997-8328, 997-
8334, 935-8283",DELL,"997-8317, 997-8328, 997-
8334, 935-8283",4 Year Hardware Service,4 Year Basic Hardware Service with NBD Onsite Service,EACH,1,$475.66,$328.21,31%,"Service Options/Upgrades
Power Laptop",Support,Services
2003b,81110000,"997-8317, 997-8328, 997-
8335,933-9854",DELL,"997-8317, 997-8328, 997-
8335,933-9854",5 Year Hardware Service,5 Year Basic Hardware Service with  NBD Onsite Service,EACH,1,$588.23,$405.88,31%,"Service Options/Upgrades
Power Laptop",Support,Services
2004d,81110000,"804-2167, 804-2169, 935-
8283",DELL,"804-2167, 804-2169, 935-
8283",4 Year Hardware Service,"4 Year Hardware Service with In-Home/Onsite Service After Remote
Diagnosis",EACH,1,$516.66,$356.50,31%,"Service Options/Upgrades
Ultralight Laptop",Support,Services
2005d,81110000,"804-2167, 804-2170,933-
9854",DELL,"804-2167, 804-2170,933-
9854",5 Year Hardware Service,"5 Year Hardware Service with In-Home/Onsite Service After Remote
Diagnosis",EACH,1,$619.23,$427.27,31%,"Service Options/Upgrades
Ultralight Laptop",Support,Services
2006d,81110000,"997-8317, 997-8328, 997-
8334, 935-8283",DELL,"997-8317, 997-8328, 997-
8334, 935-8283",4 Year Hardware Service,"4 Years Hardware Service with In-Home/Onsite Service After Remote
Diagnosis",EACH,1,$475.66,$328.21,31%,"Service Options/Upgrades
Standard Laptop",Support,Services
2007d,81110000,"997-8317, 997-8328, 997-
8335,933-9854",DELL,"997-8317, 997-8328, 997-
8335,933-9854",5 Year Hardware Service,"5 Years Hardware Service with In-Home/Onsite Service After Remote
Diagnosis",EACH,1,$588.23,$405.88,31%,"Service Options/Upgrades
Standard Laptop",Support,Services
2008b,81110000,"804-2238, 804-2240,935-
8283",DELL,"804-2238, 804-2240,935-
8283",4 Year Hardware Service,"Ultralight 14"" 4 Year Hardware Service with Onsite Service After
Remote Diagnosis",EACH,1,$475.66,$328.21,31%,"Service Options/Upgrades
Ultralight Laptop",Support,Services
2009b,81110000,"804-2238, 804-2241,933-
9854",DELL,"804-2238, 804-2241,933-
9854",5 Year Hardware Service,"Ultralight 14"" 5 Year Hardware Service with Onsite Service After
Remote Diagnosis",EACH,1,$588.23,$405.88,31%,"Service Options/Upgrades
Ultralight Laptop",Support,Services
2010,81110000,988-5542,DELL,988-5542,Extended Battery Service 2 Year,2 Years Extended Battery Service for Years 2 and 3 of System Life,EACH,1,$89.00,$61.41,31%,"Service Options/Upgrades
All Laptops",Support,Services
2011,81110000,"997-8380, 997-8381, 997-
8382, 997-8383, 997-8317,
997-8366",DELL,"997-8380, 997-8381, 997-
8382, 997-8383, 997-8317,
997-8366",Extended Battery Service 3 Year,3 Years ProSupport Plus with Next Business Day Onsite Service,EACH,1,$541.00,$351.65,35%,"Service Options/Upgrades
Standard Laptop",Support,Services
2012,81110000,"998-0538, 998-0547, 998-
0548,998-0549,998-0550",DELL,"998-0538, 998,0547, 998-
0548,998-0549,998-0550",ProSupport Plus 3 Year,"Ultralight 12"" 3 Year ProSupport Plus with Next Business Day Onsite",EACH,1,$612.00,$397.80,35%,"Service Options/Upgrades
Ultralight Laptop",Support,Services
2013,81110000,"804-2238, 804-2244",DELL,"804-2238, 804-2244",ProSupport Plus 3 Year,"Ultralight 14"" 3 Year Prosupport warranty",EACH,1,$427.00,$277.55,35%,"Service Options/Upgrades
Ultralight Laptop",Support,Services
2014,81110000,"804-2238, 804-2256, 804-
2257, 804-2258, 804-2259",DELL,"804-2238, 804-2256, 804-
2257, 804-2258, 804-2259",ProSupport Plus 3 Year,"Ultralight 14"" 3 Year ProSupport Plus with Next Business Day Onsite
Service",EACH,1,$541.00,$351.65,35%,"Service Options/Upgrades
Ultralight Laptop",Support,Services
,81110000,"365-1245,365-1401",DELL,"365-1245,365-1401",Computrace 3 Year,Computrace 3 Year,EACH,1,$174.95,$134.71,23%,"Value Added Services
All Laptops",Support,Services
3001,81110000,TIG-AIN-NBK,TIG,TIG-AIN-NBK,Asset Information,Asset Information via Internet,EACH,1,,,23%,"Value Added Services
All Laptops",Support,Services
3002,81110000,TIG-ATG-NBK,TIG,TIG-ATG-NBK,Asset Tagging Services,Asset Tagging Services - Customer Provided Tags,EACH,1,$10.00,$7.70,23%,"Value Added Services
All Laptops",Support,Services
3003,81110000,TIG-DIS-NBK,TIG,TIG-DIS-NBK,Take-Back Services,Take-Back Services,EACH,1,$10.00,$7.70,23%,"Value Added Services
All Laptops",Support,Services
3004,81110000,TIG-DLG-NBK,TIG,TIG-DLG-NBK,Deployments & Logistics Services,Deployments & Logistics Services,EACH,1,46,$35.42,23%,"Value Added Services
All Laptops",Support,Services
3005,81110000,TIG-EMG-NBK,TIG,TIG-EMG-NBK,Emergency Services,Emergency Services ( 4 hour response),EACH,1,58,$44.66,23%,"Value Added Services
All Laptops",Support,Services
3006,81110000,TIG-IMG-NBK,TIG,TIG-IMG-NBK,Imaging,Imaging,EACH,1,27,$20.79,23%,"Value Added Services
All Laptops",Support,Services
3007,81110000,TIG-INS-NBK,TIG,TIG-INS-NBK,Installation Services,Installation Services,EACH,1,$40.00,$30.80,23%,"Value Added Services
All Laptops",Support,Services
3008,81110000,TIG-SWC-NBK,TIG,TIG-SWC-NBK,Self-Warranty Certification,Self-Warranty Certification,EACH,1,,,23%,"Value Added Services
All Laptops",Support,Services
100-C,43211507,T6V32UP,HP,T6V32UP,HP ProDesk 600 G2 SFF Business PC,"Single
Unit (SFF) Packaging, ENERGY STAR Qualified
Label, HP ProDesk 600 SFF Platinum G2
Chassis, Microsoft Windows 7 Professional 64,
Intel Core i5-6500 3.2G 6M 2133 4C CPU, 4GB
DDR4-2133 DIMM (1x4GB) RAM, 500GB 7200
RPM SATA 6G 3.5 HDD, HP USB Business Slim
Keyboard
HP USB Mouse, 9.5mm Slim Desktop, uperMulti
DVDRW ODD, 3/3/3 SFF Warranty US, HP
ProDesk 600 Country Kit US, Intel Inside Core i5",each,1,$901.00,450.5,50%,Core Standard Desktop,Standard,Desktops
102-B,43211507,W3U92UP,HP,W3U92UP,"HP EliteDesk 800
G2 SFF Business PC","Single Unit (SFF)
Packaging, ENERGY STAR Qualified Label
HP EliteDesk 800 SFF Platinum G2 Chassis
Microsoft Windows 7 Professional 64, Intel Core
i5-6500 3.2G 6M 2133 4C CPU, 4GB DDR4-2133
(1x4GB) RAM, 500GB 7200 RPM SATA 6G 3.5
HDD, HP USB Business Slim Keyboard, HP USB
Mouse, 9.5mm Slim Desktop SuperMulti DVDRW
ODD, 3/3/3 (material/labor/onsite) SFF/ST
Warranty US
HP EliteDesk 800 Country Kit US, Intel Inside
Core i5 SFF Label",each,1,$983.00,491.5,50%,Core Standard Desktop,Standard,Desktops
101-C,43211507,T6V33UP,HP,T6V33UP,HP ProDesk 600 G2 MT Business PC,"Single Unit
(MT) Packaging, ENERGY STAR Qualified Label,
HP ProDesk 600 MT Platinum G2 Chassis,
Microsoft Windows 7 Professional 64, Intel Core
i5-6500 3.2G 6M 2133 4C CPU, 4GB DDR4-2133
DIMM (1x4GB) RAM, 500GB 7200 RPM SATA
6G 3.5 HDD, HP USB Business Slim Keyboard,
HP USB Mouse, 9.5mm Slim Desktop SuperMulti
DVDRW, DD, 3/3/3 (material/labor/onsite) MT
Warranty US, HP ProDesk 600 Country Kit US,
Intel Inside Core i5 TWR/MT Label",each,1,$952.00,476,50%,Core Standard Desktop,Standard,Desktops
103-B,43211507,W3U93UP,HP,W3U93UP,HP EliteDesk 800 G2 TWR Business PC,"Single Unit (TWR)
Packaging, ENERGY STAR Qualified Label, HP
EliteDesk 800 TWR Platinum G2 Chassis,
Microsoft Windows 7 Professional 64, Intel Core
i5-6500 3.2G 6M 2133 4C CPU, 4GB DDR4-2133
(1x4GB) RAM, 500GB 7200 RPM SATA 6G 3.5
HDD, HP USB Business Slim Keyboard, HP USB
Mouse, 9.5mm Slim Desktop SuperMulti DVDRW
ODD, 3/3/3 (material/labor/onsite) TWR Warranty
US, HP EliteDesk 800 Country Kit US, Intel Inside
Core i5 TWR/MT Label",each,1,"$1,019.00",509.5,50%,Core Standard Desktop,Standard,Desktops
200-C,43211507,T6U97UP,HP,T6U97UP,HP EliteDesk 800 G2 SFF Business PC,"Single Unit (SFF)
Packaging, ENERGY STAR Qualified Label, HP
EliteDesk 800 SFF Platinum G2 Chassis,
Microsoft Windows 7 Professional 64, Intel Core
i7-6700 3.4G 8M 2133 4C CPU, 8GB DDR4-2133
(2x4GB) RAM, 500GB 7200 RPM SATA 6G 3.5
HDD, HP USB Business Slim Keyboard, HP USB
Mouse, 9.5mm Slim Desktop SuperMulti DVDRW
ODD, 3/3/3 (material/labor/onsite) SFF/ST
Warranty US, HP EliteDesk 800 Country Kit US,
Intel Inside Core i7 SFF Label",each,1,"$1,234.00",617,50%,Core Power Desktop,Performance,Desktops
400-B,43211507,F5A53AA#ABA,HP,F5A53AA#ABA,HP t620 Flexible Series AMD Thin Client WES7E,"
AMD Fusion t56N 2nd Gen. 1.65GHz dual core
1MB L2 Cache, 4GB (1x4GB) RAM DDR3-1600,
16 GB SSD, 3/3/0 Warranty",each,1,$720.00,360,50%,Core Thin Client Desktop,Thin Client,Desktops
1004-A,43211902,L1G56AV,HP,L1G56AV,AMD Radeon R9 350,2GB DH PCIe x16 GFX,each,1,$159.00,63.6,60%,POWER DESKTOP 800 Upgrade,Video Cards,Components
1007-A,43211902,N1T21AV,HP,N1T21AV,Intel 8260,802.11ac PCIe-CL BT VPro,each,1,$150.00,60,60%,POWER DESKTOP 800 Upgrade,Networking,Components
1009-A,43211902,L1Z45AV,HP,L1Z45AV,HP Slim Desktop DVD-ROM,Slim Desktop DVD-ROM ODD,each,1,$28.00,11.2,60%,POWER DESKTOP 800 Upgrade,Storage Devices,Components
1010-A,43211902,N8G29AV,HP,N8G29AV,Intel Core i5-6600 CPU,3.3G 6M 2133 4C CPU,each,1,$835.00,334,60%,600 Desktop Upgrades,Processors,Components
1011-B,43211902,L1Q07AV,HP,L1Q07AV,HP 8GB DDR4 Memory,"8GB (2x4GB), DDR4-2133 DIMM RAM",each,1,$215.00,86,60%,optiplex,Memory,Components
1012-A,43211902,L1P96AV,HP,L1P96AV,AMD Radeon R9 350,2GB DH PCIe x16 GFX,each,1,$220.00,88,60%,600 Desktop Upgrades,Video Cards,Components
1013-A,43211902,L1Q19AV,HP,L1Q19AV,Intel 7265,802.11AC PCIe BT nVPr,each,1,$81.00,32.4,60%,600 Desktop Upgrades,Networking,Components
1014-A,43211902,L2B27AV,HP,L2B27AV,HP Slim Desktop DVD-ROM,Slim Desktop DVD-ROM ODD,each,1,$75.00,30,60%,600 Desktop Upgrades,Storage Devices,Components
1015-B,43211902,L1G54AV,HP,L1G54AV,HP 16GB DDR4 Memory,16GB DDR4-2133 DIMM (2x8GB) RAM,each,1,$520.00,208,60%,POWER DESKTOP 800 Upgrade,Memory,Components
1018-A,43211902,L1Z12AV,HP,L1Z12AV,HP 1TB SATA HDD,1TB 7200 RPM SATA 6G HDD,each,1,$175.00,70,60%,POWER DESKTOP 800 Upgrade,Storage Devices,Components
1019-A,43211902,L1Z20AV,HP,L1Z20AV,"HP 256GB 2.5"" SSD",256GB SATA 2.5 3D SSD,each,1,$575.00,230,60%,POWER DESKTOP 800 Upgrade,Storage Devices,Components
1020,43211902,M9S33AV,HP,M9S33AV,"HP 180GB 2.5"" SSD",180GB SATA 2.5 Non-SED SSD,each,1,$297.00,118.8,60%,POWER DESKTOP 800 Upgrade,Storage Devices,Components
1023-A,43211902,L1P73AV,HP,L1P73AV,DisplayPort to DVI-D,HP DisplayPort To DVI-D Adapter,each,1,$12.00,4.8,60%,POWER DESKTOP 800 Upgrade,Cables & Adapters,Peripherals
1025-A,43211902,L4K62AV,HP,L4K62AV,HP 8GB DDR4 Memory,8GB DDR4-2133 SODIMM (2x4GB) RAM,each,1,$192.00,76.8,60%,AOI Options Upgrades,Memory,Components
1026-C,43211902,L4K07AV,HP,L4K07AV,HP 128GB SATA SSD,128GB SATA 2.5 SSD,each,1,$160.00,64,60%,AiO 800 Options Upgrades,Storage Devices,Components
1028-A,43211902,N1U53AV,HP,N1U53AV,HP Recline Stand,HP Recline Stand,each,1,$175.00,70,60%,AiO Upgrade,Mounting,Peripherals
1030,43211902,VN567AA,HP,VN567AA,DisplayPort Cable Kit,Display port cable kit,each,1,$25.00,10,60%,Options Upgrades,Cables & Adapters,Peripherals
1032-A,43211902,L1W03AV,HP,L1W03AV,HP 16GB DDR4 Memory,16GB DDR4-2133 SODIMM (2x8GB) RAM,each,1,$400.00,160,60%,800 Mini  Upgrades,Memory,Components
1034-A,43211902,N8G54AV,HP,N8G54AV,Intel 8260,Intel 8260 802.11ac M.2 BT VPro,each,1,$75.00,30,60%,800 Mini  Upgrades,Networking,Components
1035-A,43211902,N8G38AV,HP,N8G38AV,HP 120GB SATA SSD,120GB SATA 2.5 Opal2 SED SSD,each,1,$275.00,10,60%,800 Mini  Upgrades,Storage Devices,Components
1037-A,43211902,N8G41AV,HP,N8G41AV,HP 180GB SATA SSD,180GB SATA 2.5 Non-SED SSD,each,1,$350.00,140,60%,800 Mini  Upgrades,Storage Devices,Components
1038-A,43211902,N8G42AV,HP,N8G42AV,HP 180GB SATA SSD,180GB SATA 2.5 Opal2 SED SSD,each,1,$350.00,140,60%,800 Mini  Upgrades,Storage Devices,Components
1039-A,43211902,L2A59AV,HP,L2A59AV,HP 1TB SATA SSHD,1TB SATA 6G 2.5 8G SSHD,each,1,$175.00,70,60%,800 Mini  Upgrades,Storage Devices,Components
1040-A,43211902,L2A62AV,HP,L2A62AV,HP 256GB SSD,256GB SATA 2.5 Opal2 SED SSD,each,1,$500.00,200,60%,800 Mini  Upgrades,Storage Devices,Components
1041-A,43211902,L3N90AV,HP,L3N90AV,HP EliteOne 800 G2 All-In-One,HP EliteOne 800 G2 23-in Non-Touch AiO,each,1,"$2,075.00",830,60%,AiO 800 Options Upgrades,All-In-One,Desktops
1042,43211902,D9J19AA,HP,D9J19AA,HP Business Speakers,HP Business Speakers,each,1,$50.00,20,60%,Options Upgrades,Headsets Microphones & Speakers,Peripherals
1043,43211902,DC198A,HP,DC198A,DVI Cable Kit,HP DVI Cable Kit,each,1,$30.00,12,60%,Options Upgrades,Cables & Adapters,Peripherals
1044,43211902,AS615AA,HP,AS615AA,DisplayPort to VGA,HP DisplayPort To VGA Adapter,each,1,$50.00,20,60%,Options Upgrades,Cables & Adapters,Peripherals
1045,43211902,DL139A,HP,DL139A,DVI Video Splitter,"DMS-59 to Dual DVI Cable Kit,accessory",each,1,$40.00,16,60%,Options Upgrades,Cables & Adapters,Peripherals
1046,43211902,NL571AA,HP,NL571AA,USB Graphics Adapter,HP USB Graphics Adapter,each,1,$73.00,29.2,60%,Options Upgrades,Cables & Adapters,Peripherals
1047,43211902,BU516AA,HP,BU516AA,HP Mobile DVDRW Drive,HP Mobile USB DVDRW Drive,each,1,$125.00,50,60%,Options Upgrades,Storage Devices,Components
1048,43211902,XP688AA,HP,XP688AA,DMS59 to DisplayPort Splitter,HP DMS-59 to dual DisplayPort Adapter,each,1,$40.00,16,60%,Options Upgrades,Cables & Adapters,Peripherals
1049,43211902,GS567AA,HP,GS567AA,DMS59 to VGA Splitter,HP DMS 59 to Dual VGA Cable Kit,each,1,$30.00,12,60%,Options Upgrades,Cables & Adapters,Peripherals
1050,43211902,NQ576AA,HP,NQ576AA,HP LCD Speaker Bar,HP LCD Speaker Bar,each,1,$42.50,17,60%,Options Upgrades,Headsets Microphones & Speakers,Peripherals
1051,43211902,E0X93AA,HP,E0X93AA,Intel 6205,Intel 6205 802.11 a/b/g/n PCIe x1 WLAN,each,1,$85.00,34,60%,Options Upgrades,Networking,Components
1052,43211902,A2U57AA,HP,A2U57AA,HP Mobile DVDRW Drive,HP Mobile USB nLS DVDRW Drive,each,1,$170.00,68,60%,Options Upgrades,Storage Devices,Components
1053,43211902,J3J88AV,HP,J3J88AV,HP 300GB HDD,300GB 10K RPM SAS SFF 1st HDD,each,1,$405.00,162,60%,Z640 Options Upgrades,Storage Devices,Components
1054,43211902,J3J90AV,HP,J3J90AV,HP 1.2TB HDD,1.2TB 10K RPM SAS SFF 1st HDD,each,1,"$1,010.00",404,60%,Z640 Options Upgrades,Storage Devices,Components
1055,43211902,J1P92AV,HP,J1P92AV,NVIDIA Quadro K420,"1GB DL-DVI(I)+DP 1st No
cables included Graphics",each,1,$258.00,103.2,60%,Z640 Options Upgrades,Video Cards,Components
1056,43211902,J1P95AV,HP,J1P95AV,NVIDIA Quadro K4200,"4GB DL-DVI(I)+2xDP 1st
No cables included Graphics",each,1,"$1,618.00",647.2,60%,Z640 Options Upgrades,Video Cards,Components
1057,43211902,J1P96AV,HP,J1P96AV,NVIDIA Quadro K5200,"8GB DL-DVI(I)+DL-
DVI(D)+2xDP 1st No cables included Graphics",each,1,"$3,556.00",1422.4,60%,Z640 Options Upgrades,Video Cards,Components
1058,43211902,J1P93AV,HP,J1P93AV,NVIDIA Quadro K620,"2GB DL-DVI(I)+DP 1st No
cables included Graphics",each,1,$324.00,129.6,60%,Z640 Options Upgrades,Video Cards,Components
1059,43211902,J6F21AV,HP,J6F21AV,Intel Xeon E5-1607v3 CPU,"3.10GHz 10MB 1866 4C
CPU",each,1,$663.00,265.2,60%,Z640 Options Upgrades,Processors,Components
1060,43211902,J6F20AV,HP,J6F20AV,Intel Xeon E5-1620v3 CPU,"3.50GHz 10MB 2133 4C
CPU",each,1,$970.00,388,60%,Z640 Options Upgrades,Processors,Components
1061,43211902,J6F19AV,HP,J6F19AV,Intel Xeon E5-1630v3 CPU,"3.70GHz 10MB 2133 4C
CPU",each,1,"$1,293.00",517.2,60%,Z640 Options Upgrades,Processors,Components
1062,43211902,J6F18AV,HP,J6F18AV,Intel Xeon E5-1650v3 CPU,"3.50GHz 15MB 2133 6C
CPU",each,1,"$1,956.00",782.4,60%,Z640 Options Upgrades,Processors,Components
1063,43211902,J6F17AV,HP,J6F17AV,Intel Xeon E5-1660v3 CPU,"3.00GHz 20MB 2133 8C
CPU",each,1,"$3,395.00",1358,60%,Z640 Options Upgrades,Processors,Components
1064,43211902,J6F16AV,HP,J6F16AV,Intel Xeon E5-1680v3 CPU,"3.20GHz 20MB 2133 8C
CPU",each,1,"$5,335.00",2134,60%,Z640 Options Upgrades,Processors,Components
1065,43211902,J6F36AV,HP,J6F36AV,Intel Xeon E5-2630v3 CPU,"2.40GHz 20MB 1866 8C
CPU",each,1,"$2,102.00",840.8,60%,Z640 Options Upgrades,Processors,Components
1066,43211902,G8X31AV,HP,G8X31AV,HP 32GB DDR4 Memory,32GB DDR4-2133 (4x8GB) 1CPU RegRAM,each,1,"$1,940.00",776,60%,Z640 Options Upgrades,Memory,Components
1067,43211902,G8X38AV,HP,G8X38AV,HP 32GB DDR4 Memory,32GB DDR4-2133 (4x8GB) 2CPU RegRAM,each,1,"$1,940.00",776,60%,Z640 Options Upgrades,Memory,Components
1069,43211902,K6D86AV,HP,K6D86AV,HP 64GB DDR4 Memory,64GB DDR4-2133 (4x16GB) 2CPU RegRAM,each,1,"$3,716.00",1486.4,60%,Z640 Options Upgrades,Memory,Components
1070,43211902,G8X36AV,HP,G8X36AV,HP 16GB DDR4 Memory,16GB DDR4-2133 (4x4GB) 2CPU RegRAM,each,1,"$1,618.00",647.2,60%,Z640 Options Upgrades,Memory,Components
1071,43211902,J3J82AV,HP,J3J82AV,HP 256GB SSD,256GB SATA 1st SSD,each,1,$578.00,231.2,60%,Z640 Options Upgrades,Storage Devices,Components
1072,43211902,J3J83AV,HP,J3J83AV,HP 512GB SSD,512GB SATA 1st SSD,each,1,"$1,103.00",441.2,60%,Z640 Options Upgrades,Storage Devices,Components
1073,43211902,N2Q44AV,HP,N2Q44AV,Intel Core i7-6700 CPU,3.4G 8M 2133 4C CPU,each,1,$649.00,259.6,60%,AiO 800 Options Upgrades,Processors,Components
1074,43211902,T3N35AV,HP,T3N35AV,HP Tri-Mode Wireless Charging Stand,HP Tri-Mode Wireless Charging Stand,each,1,$450.00,180,60%,AiO 800 Options Upgrades,Mounting,Peripherals
1800-A,43211902,M1F41AA#ABA,HP,M1F41AA#ABA,"HP EliteDisplay 20""",HP EliteDisplay E202 Monitor US,each,1,$315.00,126,60%,"Options Upgrades 19 Inch Widescreen
Monitor O/U",Displays,Peripherals
1801-A,43211902,L4Q76AA#ABA,HP,L4Q76AA#ABA,"HP EliteDisplay 20""",HP EliteDisplay E202 MNT US,each,1,$565.00,226,60%,"Options Upgrades 21 Inch Touchscreen
Monitor",Displays,Peripherals
1802-A,43211902,M1N98AA#ABA,HP,M1N98AA#ABA,"HP EliteDisplay 23""",HP EliteDisplay E232 Monitor US,each,1,400,160,60%,"Options Upgrades 22 Inch Widescreen
Monitor",Displays,Peripherals
1804-a,43211902,M1P02AA#ABA,HP,M1P02AA#ABA,"HP EliteDisplay 24""",HP EliteDisplay E242 Monitor US,each,1,565,226,60%,"Options Upgrades 22 Inch Widescreen
Monitor",Displays,Peripherals
3006,432001404,UE332E,HP,UE332E,HP 3 Year Next Business Day Onsite,HP 3y NextBusDay Onsite/DMR DT Only SVC,each,1,$21.00,168,20%,"Service Options Upgrades  Standard/
Power Desktop",Support,Services
3007,432001404,UE333E,HP,UE333E,HP 4 Year Next Business Day Onsite,HP 4y NextBusDay Onsite/DMR DT Only SVC,each,1,$115.00,92,20%,"Service Options Upgrades  Standard/
Power Desktop",Support,Services
3008,432001404,UE334E,HP,UE334E,HP 5 Year Next Business Day Onsite,HP 5y NextBusDay Onsite/DMR DT Only SVC,each,1,$199.00,159.2,20%,"Service Options Upgrades  Standard/
Power Desktop",Support,Services
3009,432001404,UE342E,HP,UE342E,HP 3 Year Next Business Day Onsite,HP 3y Nbd Onsite/DMR Workstation Service,each,1,$19.00,15.2,20%,"Service Options Upgrades Workstation
Desktop",Support,Services
3010,432001404,UE343E,HP,UE343E,HP 4 Year Next Business Day Onsite,HP 4y Nbd Onsite/DMR Workstation Service,each,1,$91.00,72.8,20%,"Service Options Upgrades Workstation
Desktop",Support,Services
3011,432001404,UE344E,HP,UE344E,HP 5 Year Next Business Day Onsite,HP 5y Nbd Onsite/DMR Workstation Service,each,1,$166.00,132.8,20%,"Service Options Upgrades Workstation
Desktop",Support,Services
3400,432001404,U4847E,HP,U4847E,HP 3 Year Next Business Day Onsite,HP 3y NextBusDay Exchange TC Only SVC,each,1,$69.00,55.2,20%,"Service Options Upgrades Thin Client
Desktop",Support,Services
3401,432001404,U7927E,HP,U7927E,HP 4 Year Next Business Day Onsite,HP 4y NextBusDayExch ThinClient Only SVC,each,1,$120.00,96,20%,"Service Options Upgrades Thin Client
Desktop",Support,Services
3402,432001404,U7929E,HP,U7929E,HP 5 Year Next Business Day Onsite,HP 5y NextBusDayExch ThinClient Only SVC,each,1,$172.00,137.6,20%,"Service Options Upgrades Thin Client
Desktop",Support,Services
3500,432001404,U0J10E,HP,U0J10E,HP 4 Year Next Business Day Onsite,HP 4y Nbd Adv Exchange Standard Monitor Servi,each,1,$31.00,24.8,20%,Service Options Upgrades Monitors,Support,Services
3501,432001404,U0J11E,HP,U0J11E,HP 5 Year Next Business Day Onsite,HP 5y Nbd Adv Exchange Standard Monitor Servi,each,1,$67.00,53.6,20%,Service Options Upgrades Monitors,Support,Services
3502,432001404,U0J12E,HP,U0J12E,HP 4 Year Next Business Day Onsite,HP 4y Nbd Adv Exchange Large Monitor Service,each,1,$41.00,32.8,20%,Service Options Upgrades Monitors,Support,Services
4000,81110000,999-5023,NWN,999-5023,Basic Installation,Basic Installation,each,1,$43.00,35.69,17%,VAS  Installation,Support,Services
4001,81110000,999-2001,NWN,999-2001,Basic Asset Tagging,Basic Asset Tagging,each,1,$11.00,9.13,17%,"VAS Asset Tagging - Bidder
administration of State provided tag
(with number)",Support,Services
4003,81110000,999-0024,NWN,999-0024,Basic Disposal Services,Basic Disposition/Disposal Services,each,1,$11.00,9.13,17%,VAS Take-Back Services,Support,Services
4004,81110000,999-5033,NWN,999-5033,Basic Deployment & Logistics,Basic Deployment & Logistics,each,1,$49.00,40.67,17%,"NON-Core VAS - D
Deployment & Logistics",Support,Services
101,43211500,W8E24UP,HP,W8E24UP,HP IDS UMA HM76 noWWAN 640 G2 BNBPC,"Win 7 Professional 64, Intel
Core i5-6200 Dual Core, No Webcam, 14 LED HD SVA AG, 4GB 1600MHz
2133 DDR4, 500GB 7200RPM, TP 640 G1, 3 Cell 55 WHr, No Finger Print
Reader, DVD+/-RW SM DL UB, MDC v.92 Modem, Intel 6235 abgn 2x2 WW,
Bluetooth 4.0, No WWAN Module, 3/3/0 Warranty, NO vPro AMT supported
Feature, eStar IOPT Module, 65W Hardware Kit, Core i5-G6 Label, MS Win7
Logo BLU Label, HP 3y NextBusDayOnsite Notebook Only SVC",Each,1,"1,325.00",689,48%,Core Standard Laptop,Standard,Laptops
202,43211500,W8E25UP,HP,W8E25UP,Power Laptop 640 G2,"Win 7 Pro 64 US, UMA i5-6200U, No Webcam, 14 inch
LED HD SVA Anti-Glare flat (1366x768), 8GB (2x4GB) 2133 DDR4, 500GB
7200RPM, DVD+/-RW SuperMulti DL, Near Field Communication, Intel 8260 ac
2x2 +Bluetooth 4.2 LE WW, No WWAN, No Fingerprint Reader, 3 Cell 48 WHr
Long, Life, 65 Watt Smart nPFC AC Adapter, C5 1.0m Power Cord US, 3/3/0
Warranty US, NO vPro AMT supported Feature, SGX Permanent Disable IOPT,
Touchpad US, Country Localization US, eStar Enable IOPT, 3 year Battery
Warranty Card, Core i5 G6 Label, HP 3 year Next business day Onsite
Notebook Only Service",Each,1,"$1,395.00",$725.40,48%,Core Power Laptop,Standard,Laptops
203,43211500,X1W81UP,HP,X1W81UP,HP PROBOOK 640 G2,"HP IDS UMA i7-6600U fWWAN 640 G2 BNBPC, Win
7 Professional 64 640, No Webcam 640, 14 LED HD SVA AG flat 640, 8GB
(2x4GB) 2133 DDR4, 500GB 7200RPM 640, DVD+/-RW SM DL 640, Near
Field Communication 640, Intel 8260 ac 2x2 +BT 4.2 LE WW 640, No WWAN
640, No Fingerprint Reader 640, 3 Cell 48 WHr Long Life 640, 65 Watt Smart
nPFC AC Adapter 640, C5 1.0m Power Cord 640, 3/3/0 Warranty 640, AMT
Enabled Module 640, TP 640, Country Localization 640, eStar Enable IOPT, 3
year Battery Warranty Card, Intel Core i7 vPro G6 an Label, HP 3y
NextBusDayOnsite Notebook Only",Each,1,"$1,715.00",$891.80,48%,Core Power Laptop,Performance,Laptops
204,43211500,X1D03UP,HP,X1D03UP,HP ProBook 650G2 i5,"Win 7 Pro 64, UMA i5-6300U, No Webcam, 15.6 inch
LED HD SVA Anti-Glare flat (1366x768), 4GB (1x4GB) 2133 DDR4, 500GB
7200RPM, DVD+/-RW SuperMulti DL, No Serial Port, No Near Field
Communication, Intel 7265 ac 2x2 nvP WW, No Fingerprint Reader, 3 Cell 48
WHr Long Life, 65 Watt Smart nPFC AC Adapter, C5 1.0m Power Cord US,
3/3/0 Warranty US, No vPro AMT Supported, SGX Permanent Disable IOPT,
Dual Point Backlit US, Country Localization US, eStar Enable IOPT, 3 year
Battery Warranty Card, Core i5 G6 Label",Each,1,"$1,850.00",$962.00,48%,Core Power Laptop,Performance,Laptops
205,43211500,X1W80UP,HP,X1W80UP,HP ProBook 650G2 i7,"HP IDS UMA i7-6600U fWWAN 650 G2 BNBPC, Win 7 Professional 64 650,
No Webcam 650, 15.6 LED HD SVA AG flat 650, 8GB (2x4GB) 2133 DDR4,
500GB 7200RPM 650, DVD+/-RW SM DL 650, No Serial Port 650, No Near
Field Communication 650, Intel 8260 ac 2x2 +BT 4.2 LE WW 650, No WWAN
650, Fingerprint Reader 650, 3 Cell 48 WHr Long Life 650, 65 Watt Smart nPFC
AC Adapter 650, C5 1.0m Power Cord 650, 3/3/0 Warranty 650, AMT Enabled
Module 650, TP 650, Country Localization 650, eStar Enable IOPT, 3 year
Battery Warranty Card, Intel Core i7 vPro G6 an Label, HP 3y
NextBusDayOnsite Notebook Only",Each,1,"$2,250.00","$1,170.00",48%,Core Power Laptop,Performance,Laptops
301-B,43211500,L6N36UP,HP,L6N36UP,HP IDS UMA 810 G3 BNBPC,"Win 10 Pro 64 w/DG Win7 64, Intel Core i5-
5300U Dual Core, Webcam Integrated 720p HD, 11.6 LED HD UWVA AG, 4GB
1600MHz DDR3L 1DM, 256GB M2 SATA-3 SSD, touchpad Backlit, No Optical
Disc Drive, 6 Cell 44 WHr Long Life,  MDC v.92 Modem, Intel 7265AN abgn
2x2 +Bluetooth 4.0 LE MOW, 3/3/3 Warranty, AMT enabled, 45W Hardware Kit,
eStar PCID Module, Touch PCID Module, Core i5 vPro-14 BLU Label, MS Win7
Logo BLU Label, HP 3y NextBusDayOnsite Notebook Only SVC",Each,1,"$3,595.00","$1,869.40",48%,Core Ultralight Laptop,Ultralight,Laptops
302,43211500,W8E26UP,HP,W8E26UP,Powerbook 820 G3 I5,"UMA i5-6300U, Win 7 Pro 64 US, No Webcam, 12.5
inch LED HD SVA Anti-Glare (1366x768), 4GB (1x4GB) 2133 DDR4, 128GB
M2 SATA-3 Three Layer Cell Solid State Drive, No Near Field Communication,
Intel 8260 ac 2x2 +Bluetooth 4.2 LE WW, No WWAN, Fingerprint Reader, 3
Cell 44 WHr Long Life, 45 Watt Smart nPFC AC Adapter, C5 1.8m Power Cord
US, 3/3/0 Warranty US, AMT Enabled, Dual Point US, Country Localization US,
eStar Enable IOPT, 3 year Battery Warranty Card, Core i5 vPro G6 Label , HP
3year NBD Onsite NB Service Only",Each,1,"$1,698.00",$882.96,48%,Core Ultralight Laptop,Ultralight,Laptops
302,43211500,W8E26UP,HP,W8E26UP,Powerbook 820 G3 I5,"UMA i5-6300U, Win 7 Pro 64 US, No Webcam, 12.5
inch LED HD SVA Anti-Glare (1366x768), 4GB (1x4GB) 2133 DDR4, 128GB
M2 SATA-3 Three Layer Cell Solid State Drive, No Near Field Communication,
Intel 8260 ac 2x2 +Bluetooth 4.2 LE WW, No WWAN, Fingerprint Reader, 3
Cell 44 WHr Long Life, 45 Watt Smart nPFC AC Adapter, C5 1.8m Power Cord
US, 3/3/0 Warranty US, AMT Enabled, Dual Point US, Country Localization US,
eStar Enable IOPT, 3 year Battery Warranty Card, Core i5 vPro G6 Label , HP
3year NBD Onsite NB Service Only",Each,1,"$1,698.00",$882.96,48%,Core Ultralight Laptop,Ultralight,Laptops
303,43211500,W8E27UP,HP,W8E27UP,Powerbook 820 G3 i7,"HP IDS UMA i7-6600U 820 G3 Base NB PC, Microsoft
Windows 7 Professional 64 US, No Webcam, 12.5 inch LED HD SVA Anti-
Glare (1366x768), 8 GB 2133 DDR4 (1D), 128GB M2 SATA-3 Three Layer Cell
Solid State Drive, No Near Field Communication, Intel 8260 ac 2x2 +Bluetooth
4.2 LE WW
No WWAN, Fingerprint Reader, 3 Cell 44 WHr Long Life, 45 Watt Smart nPFC
AC Adapter, C5 1.8m Power Cord US, 3/3/0 Warranty US, AMT Enabled, Dual
Point US, Country Localization US, eStar Enable IOPT, 3 year Battery Warranty
Card, Core i7 vPro G6 Label, HP 3year NBD Onsite NB Service Only",Each,1,"$2,475.00","$1,287.00",48%,Core Ultralight Laptop,Ultralight,Laptops
401,43211500,X1U91UP,HP,X1U91UP,ZBook15 Studio Mobile Workstation Z15 G3,"HP IDS DSC i7-6700HQ Studio
G3 Base NB PC, Windows 10 Pro 64 w/Downgrade Facilitation Win 7 64 US,
Win 10 Driver DVD, NVIDIA Quadro M1000M Graphics, No Webcam, 15.6 inch
LED FHD UWVA Anti-Glare (1920x1080), 16GB (2x8GB) 2133 DDR4, 256GB
Z Turbo Drive PCIe Solid State Drive, Intel 8260 ac 2x2 non vPro +Bluetooth
4.2 WW, No Fingerprint Reader, 4 Cell 64 WHr Long Life, 150 Watt Smart PFC
Slim AC Adapter, C5 1.0m Power Cord US, 3/3/3 Warranty US, NO vPro AMT
supported Module, M.2 Carrier Cage, SGX Permanent Disable IOPT, Clickpad
Backlit US
Country Localization US, 3 year Battery Warranty Card, eStar Enable IOPT,",Each,1,"$2,985.00","$1,552.20",48%,Core Mobile Workstation Laptop,Workstation,Laptops
402,43211500,Y2P60UP,HP,Y2P60UP,HP IDS i7-6820HQ 15 G3 Base NB PC,"Windows 10 Pro 64 w/Downgrade
Facilitation Win 7 64 US, Win 10 Driver DVD, NVIDIA Quadro M1000M 2GB
GDDR5 Graphics, No Webcam, 15.6 inch LED FHD UWVA Anti-Glare slim
(1920x1080), 16GB (2x8GB) 2133 DDR4, 256GB Z Turbo Drive PCIe Solid
State Drive, WLAN I 8260 ac 2x2 +BT 4.2 Combo, No WWAN, No Fingerprint
Reader, 9 Cell 90 WHr Long Life, 150 Watt Smart PFC Slim AC Adapter, C5
1.0m Power Cord US, 3/3/3 Warranty US, AMT Enabled, Hard Drive Carrier
Cage, Dual Point Backlit US, Country Localization US, 3 year Battery Warranty
Card, eStar Enable IOPT, LBL Core i7 vPro G6 Label",each,1,"$3,075.00","$1,599.00",48%,Core Mobile Workstation Laptop,Workstation,Laptops
1006,43211500,F2B56AA,HP,F2B56AA,HP External DVD+/-RW Drive,External USB DVD+/-RW Drive,Each,1,$171.00,$111.15,35%,Options/Upgrade Ultralight Laptop,Storage Devices,Components
1007,43211500,E7U25AA,HP,E7U25AA,HP Notebook Battery,HP SB03XL Notebook Battery,Each,1,$146.00,$94.90,35%,Options/Upgrade Ultralight Laptop,Batteries,Components
1014,43211500,D9Y32AA#ABA,HP,D9Y32AA#ABA,HP UltraSlim,HP UltraSlim Docking Station,Each,1,$220.00,$143.00,35%,Options/Upgrade Ultralight Laptop,Docking Stations,Peripherals
1032-A,43211500,H5M92AA,HP,H5M92AA,HP Topload Carrying Case,HP Business Top Load Case,Each,1,$39.00,$25.35,35%,"Options/Upgrade Standard, Power Laptops",Cases & Bags,Peripherals
1056,43211500,A896056,Logitech,A896056,Logitech External Speakers,USB Powered External Speakers Logitech: 980-000028-CA,Each,1,$25.00,$16.25,35%,"Options/Upgrade Standard, Power, Mobile  Laptops",Headsets Microphones & Speakers,Peripherals
1058,43211500,A896060,Logitech,A896060,Logitech Wireless Keyboard,Wireless keyboard Logitech: 920-004088-CA,Each,1,$60.00,$39.00,35%,Options/Upgrade All Laptops,Keyboards & Mice,Peripherals
1059,43211500,A896059,Logitech,A896059,Logitech Headset,Logitech Headset/Headphone,Each,1,$30.00,$19.50,35%,Options/Upgrade All Laptops,Headsets Microphones & Speakers,Peripherals
1061-A,43211500,A896049,HP,A896049,Ergonomic Keyboard,USB Ergonomic Keyboard,Each,1,$35.00,$22.75,35%,Options/Upgrade All Laptops,Keyboards & Mice,Peripherals
1062,43211500,A896051,HP,A896051,Targus Optical Mouse,Targus USB optical mouse,Each,1,$40.00,$26.00,35%,Options/Upgrade All Laptops,Keyboards & Mice,Peripherals
1083,43211500,T1A63AA,HP,T1A63AA,Security Cable Lock,HP Master Keyed Cable Lock 10mm,Each,1,$41.00,$26.65,35%,"Options/Upgrade Standard, Power Laptops",Security,Services
1084,43211500,L3L45AV,HP,L3L45AV,HP 8GB DDR4 Memory,8 GB 2133 DDR4 (1D),Each,1,$123.00,$79.95,35%,Options/Upgrade Ultralight Laptop 820,Memory,Components
1085,43211500,L3M18AV,HP,L3M18AV,HP 16GB DDR4 Memory,16 GB 2133 DDR4 (2D),Each,1,$515.00,$334.75,35%,Options/Upgrade Ultralight Laptop 820,Memory,Components
1086,43211500,L3L49AV,HP,L3L49AV,HP 180GB SSD,180 GB M2 SATA-3 SED OPAL2 MLC SSD,Each,1,$250.00,$162.50,35%,Options/Upgrade Ultralight Laptop 820,Storage Devices,Components
1087,43211500,M7S15AV,HP,M7S15AV,HP 240GB SSD,240 GB M2 SATA-3 MLC SSD,Each,1,$485.00,$315.25,35%,Options/Upgrade Ultralight Laptop 820,Storage Devices,Components
1088,43211500,N4P36AV,HP,N4P36AV,HP 256GB PCIe SSD,256 GB PCIe NVMe SSD,Each,1,$510.00,$331.50,35%,Options/Upgrade Ultralight Laptop 820,Storage Devices,Components
1089,43211500,L9U53AV,HP,L9U53AV,Webcam,Integrated HD Webcam,Each,1,$20.00,$13.00,35%,Options/Upgrade Ultralight Laptop 820,Webcams,Components
1090,43211500,L3L39AV,HP,L3L39AV,"HP 12.5"" Ultralight Anti-Glare Screen","12.5"" LED HD SVA Anti-Glare enabled for Webcam (1366x768)",Each,1,$178.00,$115.70,35%,Options/Upgrade Ultralight Laptop 820,Laptop Screens,Components
1091,43211500,M2K50AV,HP,M2K50AV,Integrated Fingerprint Reader,Integrated Fingerprint Reader,Each,1,$7.00,$4.55,35%,"Options/Upgrade Standard, Power Laptops 640",Security,Components
1092,43211500,L8X75AV,HP,L8X75AV,Webcam,Integrated HD Webcam,Each,1,$10.00,$6.50,35%,"Options/Upgrade Standard, Power Laptops 640",Webcams,Components
1093,43211500,L8U82AV,HP,L8U82AV,"HP 14"" Standard Screen",14 LED HD SVA Anti-Glare enabled for Webcam flat (1366x768),Each,1,$72.00,$46.80,35%,"Options/Upgrade Standard, Power Laptops 640",Laptop Screens,Components
1095,43211500,L8Z30AV,HP,L8Z30AV,HP 1TB HD,1TB 5400RPM 640,Each,1,$174.00,$113.10,35%,"Options/Upgrade Standard, Power Laptops 640",Storage Devices,Components
1096,43211500,L8Z39AV,HP,L8Z39AV,HP 180GB SSD,180 GB M2 SATA-3 SED OPAL2 MLC SSD,Each,1,$214.00,$139.10,35%,"Options/Upgrade Standard, Power Laptops 640",Storage Devices,Components
1097,43211500,L8Z96AV,HP,L8Z96AV,HP Blu-Ray DVD+/-RW,Blu-ray ROM DVD+/-RW SuperMulti DL Drive,Each,1,$119.00,$77.35,35%,"Options/Upgrade Standard, Power Laptops 640",Storage Devices,Components
1098,43211500,T5D77AV,HP,T5D77AV,HP 240GB SSD,240 GB M2 SATA-3 MLC SSD,Each,1,$341.00,$221.65,35%,"Options/Upgrade Standard, Power Laptops 640",Storage Devices,Components
1099,43211500,E7U21AA,HP,E7U21AA,HP Long Life Notebook Battery,HP CA06XL Long Life Battery,Each,1,$146.00,$94.90,35%,"Options/Upgrade Standard, Power Laptops 640",Batteries,Components
1100,43211500,H2L63AA,HP,H2L63AA,HP Comfort Grip Wireless Mouse,HP Comfort Grip Wireless Mobile Mouse,Each,1,$31.00,$20.15,35%,"Options/Upgrade Standard, Power Laptops 640",Keyboards & Mice,Peripherals
1101,43211500,M3X50AV,HP,M3X50AV,HP 16GB DDR4 Memory,16 GB 2133 DDR4 (2D),Each,1,$287.00,$186.55,35%,"Options/Upgrade Standard, Power Laptops 650",Memory,Components
1102,43211500,L8U71AV,HP,L8U71AV,"HP 15.6"" Standard Screen","15.6"" LED HD SVA Anti-Glare enabled for WWAN enabled for Webcam flat",Each,1,$78.00,50.7,35%,"Options/Upgrade Standard, Power Laptops 650",Laptop Screens,Components
1104,43211500,L9Q39AV,HP,L9Q39AV,HP 180GB SSD,180 GB M2 SATA-3 SED OPAL2 MLC SSD,Each,1,$214.00,$139.10,35%,"Options/Upgrade Standard, Power Laptops 650",Storage Devices,Components
1105,43211500,T5D78AV,HP,T5D78AV,HP 240GB SSD,240 GB M2 SATA-3 MLC SSD,Each,1,$341.00,$221.65,35%,"Options/Upgrade Standard, Power Laptops 650",Storage Devices,Components
1106,43211500,L9Q44AV,HP,L9Q44AV,HP 512 SSD,512 GB M2 SATA-3 TLC SSD,Each,1,$486.00,$315.90,35%,"Options/Upgrade Standard, Power Laptops 650",Storage Devices,Components
1107,43211500,L9Q53AV,HP,L9Q53AV,HP Blu-Ray DVD+/-RW,Blu-ray ROM DVD+/-RW SuperMulti DL Drive,Each,1,$119.00,$77.35,35%,"Options/Upgrade Standard, Power Laptops 650",Storage Devices,Components
1108,43211500,M6W14AV,HP,M6W14AV,HP 512GB PCIe SSD,512GB Z Turbo Drive PCIe Solid State Drive,Each,1,$524.00,$340.60,35%,Options/Upgrade Mobile Workstation Studio,Storage Devices,Components
1109,43211500,P2D08AV,HP,P2D08AV,HP 1TB PCIe SSD,1TB Z Turbo Drive PCIe Solid State Drive,Each,1,$839.00,$545.35,35%,Options/Upgrade Mobile Workstation Studio,Storage Devices,Components
1110,43211500,M6V92AV,HP,M6V92AV,"HP 15.6"" HD Screen",15.6 inch LED FHD UWVA Anti-Glare enabled for Webcam (1920x1080),Each,1,$320.00,$208.00,35%,Options/Upgrade Mobile Workstation Studio,Laptop Screens,Components
1111,43211500,M6W04AV,HP,M6W04AV,HP 32GB DDR4 Memory,"32GB (2x16GB), 2133 DDR4",Each,1,$840.00,$546.00,35%,Options/Upgrade Mobile Workstation Studio,Memory,Components
1112,43211500,M6W23AV,HP,M6W23AV,Fingerprint Reader,Fingerprint Reader,Each,1,$27.00,$17.55,35%,Options/Upgrade Mobile Workstation Studio,Security,Components
1113,43211500,P5Q58AA#ABA,HP,P5Q58AA#ABA,HP ZBook 150W TB3 Dock,HP ZBook 150W TB3 Dock,Each,1,$314.00,$204.10,35%,Options/Upgrade Mobile Workstation Studio,Docking Stations,Peripherals
1114,43211500,P5Q61AA#ABA,HP,P5Q61AA#ABA,HP ZBook 200W TB3 Dock,HP ZBook 200W TB3 Dock,Each,1,$335.00,$217.75,35%,Options/Upgrade Mobile Workstation Studio,Docking Stations,Peripherals
1115,43211500,M6V97AV,HP,M6V97AV,Webcam,WEBCAM Integrated 720p HD,Each,1,$34.00,$22.10,35%,Options/Upgrade Mobile Workstation Studio,Webcams,Components
1116,43211500,A936061,HP,A936061,Numeric Keypad,USB Numeric Keypad,Each,1,$21.00,$13.65,35%,Options/Upgrade Mobile Workstation Studio,Keyboards & Mice,Peripherals
1117,43211500,M9R83AV,HP,M9R83AV,Webcam,WEBCAM Integrated 720p HD,Each,1,$21.00,$13.65,35%,Options/Upgrade Mobile Workstation Laptop 15,Webcams,Components
1118,43211500,M9R78AV,HP,M9R78AV,"HP 15.6"" HD Screen",15.6 inch LED FHD UWVA Anti-Glare enabled for Webcam slim (1920x1080),Each,1,$210.00,$136.50,35%,Options/Upgrade Mobile Workstation Laptop 15,Laptop Screens,Components
1119,43211500,M9R72AV,HP,M9R72AV,NVIDIA Quadro M2000M,NVIDIA Quadro M2000M Graphics,Each,1,$378.00,$245.70,35%,Options/Upgrade Mobile Workstation Laptop 15,Video Cards,Components
1120,43211500,M9R91AV,HP,M9R91AV,HP 32GB DDR4 Memory,"32GB (2x16GB), 2133MHz DDR4",Each,1,$504.00,$327.60,35%,Options/Upgrade Mobile Workstation Laptop 15,Memory,Components
1121,43211500,M9R93AV,HP,M9R93AV,HP 64GB DDR4 Memory,"64GB (4x16GB), 2133MHz DDR4",Each,1,"$1,008.00",$655.20,35%,Options/Upgrade Mobile Workstation Laptop 15,Memory,Components
1122,43211500,T9T62AV,HP,T9T62AV,HP 512GB SSD,512GB SATA-3 Self Encrypted OPAL2 MLC Solid State Drive,Each,1,$419.00,$272.35,35%,Options/Upgrade Mobile Workstation Laptop 15,Storage Devices,Components
1123,43211500,T0P65AV,HP,T0P65AV,HP 1TB PCIe SSD,1TB Z Turbo Drive PCIe Solid State Drive,Each,1,$839.00,$545.35,35%,Options/Upgrade Mobile Workstation Laptop 15,Storage Devices,Components
1124,43211500,P5Q58AA,HP,P5Q58AA,HP ZBook 150W TB3 Dock,HP ZBook 150W TB3 Dock,Each,1,$314.00,$204.10,35%,Options/Upgrade Mobile Workstation Laptop 15,Docking Stations,Peripherals
1125,43211500,P5Q61AA#ABA,HP,P5Q61AA#ABA,HP ZBook 200W TB3 Dock,HP ZBook 200W TB3 Dock,Each,1,$335.00,$217.75,35%,Options/Upgrade Mobile Workstation Laptop 15,Docking Stations,Peripherals
1126,43211500,M9M10AV,HP,M9M10AV,Webcam,WEBCAM Integrated 720p HD 17,Each,1,$21.00,$13.65,35%,Options/Upgrade Mobile Workstation Laptop 17,Webcams,Components
1127,43211500,M9M07AV,HP,M9M07AV,HP 17.3 Workstation Screen,17.3 LED HD+ SVA AG f/CAM flat 17,Each,1,$158.00,$102.70,35%,Options/Upgrade Mobile Workstation Laptop 17,Laptop Screens,Components
1128,43211500,M9M16AV,HP,M9M16AV,HP 16GB DDR4 Memory,"16GB (2x8GB), 2133 DDR4",Each,1,$231.00,$150.15,35%,Options/Upgrade Mobile Workstation Laptop 17,Memory,Components
1129,43211500,M9M38AV,HP,M9M38AV,HP 1TB HD,1TB 7200RPM 17,Each,1,$147.00,$95.55,35%,Options/Upgrade Mobile Workstation Laptop 17,Storage Devices,Components
1130,43211500,M9M28AV,HP,M9M28AV,HP 256GB SSD,256GB SATA-3 Self Encrypted OPAL2 Solid State Drive,Each,1,$262.00,$170.30,35%,Options/Upgrade Mobile Workstation Laptop 17,Storage Devices,Components
1131,43211500,M9M30AV,HP,M9M30AV,HP 512GB PCIe SSD,512GB Z Turbo Drive PCIe Solid State Drive,Each,1,$524.00,$340.60,35%,Options/Upgrade Mobile Workstation Laptop 17,Storage Devices,Components
1132,43211500,M9M04AV,HP,M9M04AV,NVIDIA Quadro M5000M,NVIDIA Quadro M5000M Graphics,Each,1,"$1,679.00","$1,091.35",35%,Options/Upgrade Mobile Workstation Laptop 17,Video Cards,Components
1133,43211500,M9M18AV,HP,M9M18AV,HP 32GB DDR4 Memory,"32GB (2x16GB), 2133MHz DDR4",Each,1,$504.00,$327.60,35%,Options/Upgrade Mobile Workstation Laptop 17,Memory,Components
2000,43211500,U7860E,HP,U7860E,HP 4 Year Next Business Day Onsite,"4 Year Warranty, Next Business Day, On-Site",Each,1,$220.00,$176.00,20%,"Service Options/Upgrades Standard, Power,Ultralight",Support,Services
2001,43211500,U7861E,HP,U7861E,HP 5 Year Next Business Day Onsite,"5 Year Warranty, Next Business Day, On-Site",Each,1,$314.00,$251.20,20%,"Service Options/Upgrades Standard, Power,Ultralight",Support,Services
2002,43211500,UF633E,HP,UF633E,HP 4 Year Next Business Day Onsite,"4 Year Warranty, Next Business Day, On-Site",Each,1,$136.00,$108.80,20%,Service Options/Upgrades Mobile Workstation Laptop,Support,Services
2003,43211500,UF635E,HP,UF635E,HP 5 Year Next Business Day Onsite,"5 Year Warranty, Next Business Day, On-Site",Each,1,$272.00,$217.60,20%,Service Options/Upgrades Mobile Workstation Laptop,Support,Services
2004,43211500,UG841E,HP,UG841E,HP 4 Year Next Business Day Onsite,HP 4y NextBusDay Onsite/DMR NB,Each,1,$167.00,$133.60,20%,Service Options/Upgrades Mobile Workstation Laptop,Support,Services
3000,81110000,999-5023,NWN,999-5023,Basic Installation,Basic Installation,Each,1,$43.00,$35.69,17%,VAS Installation,Support,Services
3001,81110000,999-2001,NWN,999-2001,Basic Asset Tagging,Basic Asset Tagging,Each,1,$11.00,$9.13,17%,"VAS sset Tagging- Bidder adminstration of Sate provided tage
(with number)",Support,Services
3002,81110000,Included,NWN,Included,Asset information,Asset information via internet,Each,1,,,17%,VAS Asset informatin via internet,Support,Services
3003,81110000,Included,NWN,Included,Self-Warranty Certification,Self-Warranty Certification,Each,1,,,17%,VAS Self Warranty Certification,Support,Services
3004,81110000,999-0003,NWN,999-0003,Basic Imaging,Basic Imaging,Each,1,$26.00,$21.58,17%,VAS  Imaging,Support,Services
3005,81110000,999-0024,NWN,999-0024,Basic Disposal Services,Basic Disposition/Disposal Services,Each,1,$11.00,$9.13,17%,VAS Take Back Services,Support,Services
3006,81110000,999-5033,NWN,999-5033,Basic Deployment & Logistics,Basic Deployment & Logistics,Each,1,$49.00,$40.67,17%,VAS Non-Core Deployment and Logistics,Support,Services
3007,81110000,999-5201,NWN,999-5201,Basic Emergency Services,Basic Emergency Services,Each,1,$79.00,$65.57,17%,VAS Emergency Serices (4 hours response per occurrence),Support,Services
100c,43211900,"210-AIIJ , 806-2763",DELL,"210-AIIJ , 806-2763","Dell 19""","P1917s 19"" Standard Monitor",EACH,1,$249.99,$169.99,32%,"19 inch Standard
MONITOR",Displays,Peripherals
101b,43211900,858-BBCU,DELL,858-BBCU,"Dell 19.5"" Widescreen","P2016 19.5"" WideScreen
Monitor",EACH,1,$189.99,$129.20,32%,"19 inch WideScreen
MONITOR",Displays,Peripherals
102a,43211900,TD2220,VIEWSONIC,TD2220,"ViewSonic 22"" Touchscreen","22"" Touchscreen Monitor",EACH,1,$445.00,$302.60,32%,"22 inch Touchscreen
MONITOR",Displays,Peripherals
103b,43211900,"210-AIIC, 806-2763",DELL,"210-AIIC, 806-2763","Dell 22"" Widescreen","P2217 22"" Widescreen Monitor",EACH,1,$219.99,$149.59,32%,"22 inch Widescreen
MONITOR",Displays,Peripherals
104c,43211900,"320-9794, 806-2763",DELL,"210-AIIM, 806-2763","Dell 24"" Widescreen","P2417H 24"" Widescreen
Monitor",EACH,1,$299.99,$203.99,32%,"24 inch Widescreen
MONITOR",Displays,Peripherals
105b,43211900,VG2847SMH,VIEWSONIC,VG2847SMH,"ViewSonic 28"" Widescreen","28"" Widescreen Monitor",EACH,1,$552.00,$375.36,32%,"28 inch Widescreen
MONITOR",Displays,Peripherals
200a,43211900,A3793590,DELL,A3793590,DVI 6.6' Cable,"MS - Display cable - DVI-D M -
DVI-D M - 6.6 ft (included in
the 22"" widescreen monitor)",EACH,1,$12.99,$8.96,31%,Options Upgrades,Cables & Adapters,Peripherals
201b,43211900,A7639742,DELL,A7639742,DisplayPort 6' Cable,"6FT C2G DISPLAYPORT
CABLE M/M BLK",EACH,1,$15.99,$11.04,31%,Options Upgrades,Cables & Adapters,Peripherals
202,81110000,318-2885,DELL,318-2885,Dell Soundbar,"Dell USB Monitor Soundbar
AC511",EACH,1,$34.99,$24.14,31%,Options Upgrades,Headsets Microphones & Speakers,Peripherals
203,81110000,332-1235,DELL,332-1235,"Dell MSA14 Single Monitor
Arm Stand","Dell MSA14 Single Monitor
Arm Stand",EACH,1,$129.99,$89.69,31%,Options Upgrades,Mounting,Peripherals
204,81110000,332-1236,DELL,332-1236,"Dell MDS14 Dual Monitor
Stand","Dell MDS14 Dual Monitor
Stand",EACH,1,$169.99,$117.29,31%,Options Upgrades,Mounting,Peripherals
205,81110000,855-BBBN,DELL,855-BBBN,"Dell MDA17 Dual Monitor
Stand","Dell MDA17 Dual Monitor
Stand",EACH,1,$249.99,$172.50,31%,Options Upgrades,Mounting,Peripherals
300a,81110000,"983-7873, 986-4872",DELL,"983-7873, 986-4872",Dell 4 Year Warranty,"Upgrade 4 Year Warranty
Exchange Replacement",EACH,1,$39.00,$26.91,31%,"Service Options
Upgrades",Support,Services
301a,81110000,983-1324,DELL,983-1324,Dell 5 Year Warranty,"Upgrade 5 Year Warranty
Exchange Replacement",EACH,1,$49.00,$33.81,31%,"Service Options
Upgrades",Support,Services
302b,81110000,810-6398,DELL,810-6398,Dell 4 Year Warranty,"Upgrade 4 Year Warranty
Exchange Replacement",EACH,1,$100.00,$69.00,31%,"Service Options
Upgrades for 30 inch
monitors",Support,Services
303b,81110000,810-6399,DELL,810-6399,Dell 5 Year Warranty,"Upgrade 5 Year Warranty
Exchange Replacement",EACH,1,$150.00,$103.50,31%,"Service Options
Upgrades for 30 inch
monitors",Support,Services
304,81110000,LCD-EEEW-27-01,VIEWSONIC,LCD-EEEW-27-01,ViewSonic 4 Year Warranty,"Upgrade 4 Year Warranty
Exchange Replacement",EACH,1,$72.00,$49.68,31%,"Service Options
Upgrades",Support,Services
305,81110000,LCD-EEEW-27-02,VIEWSONIC,LCD-EEEW-27-02,ViewSonic 5 Year Warranty,"Upgrade 5 Year Warranty
Exchange Replacement",EACH,1,$121.00,$83.49,31%,"Service Options
Upgrades",Support,Services
306,81110000,806-2756,DELL,806-2756,Dell 4 Year Warranty,"Upgrade 4 Year Warranty
Exchange Replacement",EACH,1,$19.00,$13.11,31%,"P1917s, P2217,
P2417H Service
Options Upgrades",Support,Services
999,99990000,987-zyx,ADOBE,adb-123,Adobe Photoshop CS6,"The world’s best imaging and design app is at the core of almost every creative project. Work across desktop and mobile devices to create and enhance your photographs, web and mobile app designs, 3D artwork, videos, and more.",EACH,1,$299.00,$199.00,30%,Software,Design,Software
998,99980000,986-abc,MICROSOFT,mst-123,Microsoft Office Business 2016,"Full installed Office 2016 versions of Word Excel PowerPoin, OneNote and Outlook, For 1 PC",EACH,1,$229.99,$99.99,55%,Software,Productivity,Software
